tw1,tw2,mz,dz,fam
-1.34332118406544,-0.660741612368985,1,0,1
-0.652837695308162,-0.660741612368985,0,1,2
1.41861277096367,0.72145559617816,0,1,3
1.41861277096367,-0.660741612368985,0,1,4
0.728129282206391,0.72145559617816,1,0,5
0.728129282206391,-0.660741612368985,0,1,6
-1.34332118406544,-1.35184021664256,1,0,7
1.41861277096367,0.72145559617816,1,0,8
0.728129282206391,0.72145559617816,1,0,9
-0.652837695308162,-0.660741612368985,0,1,10
0.728129282206391,-0.660741612368985,0,1,11
-0.652837695308162,-2.04293882091613,0,1,12
0.728129282206391,0.72145559617816,0,1,13
-0.652837695308162,0.72145559617816,0,1,14
0.728129282206391,0.72145559617816,0,1,15
0.728129282206391,1.41255420045173,0,1,16
-0.652837695308162,-0.660741612368985,1,0,17
0.728129282206391,-0.660741612368985,1,0,18
0.728129282206391,0.72145559617816,1,0,19
0.728129282206391,0.72145559617816,1,0,20
-0.652837695308162,-0.660741612368985,0,1,21
-1.34332118406544,0.72145559617816,0,1,22
0.728129282206391,0.72145559617816,1,0,23
1.41861277096367,1.41255420045173,0,1,24
-0.652837695308162,-2.04293882091613,1,0,25
1.41861277096367,0.72145559617816,1,0,26
-1.34332118406544,-0.660741612368985,1,0,27
0.728129282206391,0.72145559617816,1,0,28
-0.652837695308162,-1.35184021664256,0,1,29
0.728129282206391,0.72145559617816,0,1,30
0.728129282206391,0.72145559617816,1,0,31
0.728129282206391,-0.660741612368985,1,0,32
1.41861277096367,1.41255420045173,1,0,33
0.728129282206391,-0.660741612368985,0,1,34
0.728129282206391,0.72145559617816,0,1,35
0.728129282206391,-0.660741612368985,1,0,36
-0.652837695308162,0.72145559617816,0,1,37
0.728129282206391,0.72145559617816,0,1,38
2.10909625972095,1.41255420045173,0,1,39
0.0376457934491145,0.72145559617816,0,1,40
-2.03380467282272,-1.35184021664256,0,1,41
0.728129282206391,0.72145559617816,0,1,42
0.0376457934491145,-0.660741612368985,1,0,43
-0.652837695308162,-1.35184021664256,0,1,44
-0.652837695308162,-0.660741612368985,1,0,45
-0.652837695308162,-0.660741612368985,1,0,46
-1.34332118406544,0.72145559617816,1,0,47
-0.652837695308162,-0.660741612368985,1,0,48
1.41861277096367,0.72145559617816,1,0,49
-0.652837695308162,0.72145559617816,0,1,50
-0.652837695308162,0.0303569919045874,1,0,51
0.728129282206391,0.72145559617816,0,1,52
0.728129282206391,0.72145559617816,1,0,53
-0.652837695308162,0.72145559617816,1,0,54
0.728129282206391,0.0303569919045874,0,1,55
1.41861277096367,-0.660741612368985,0,1,56
0.728129282206391,2.10365280472531,0,1,57
0.728129282206391,-0.660741612368985,1,0,58
-1.34332118406544,0.72145559617816,1,0,59
0.728129282206391,0.72145559617816,0,1,60
-1.34332118406544,-1.35184021664256,1,0,61
-0.652837695308162,1.41255420045173,0,1,62
-1.34332118406544,-0.660741612368985,0,1,63
0.728129282206391,-1.35184021664256,0,1,64
0.728129282206391,0.72145559617816,1,0,65
0.728129282206391,-0.660741612368985,0,1,66
0.728129282206391,-0.660741612368985,1,0,67
-0.652837695308162,-0.660741612368985,1,0,68
-0.652837695308162,-1.35184021664256,0,1,69
0.728129282206391,-0.660741612368985,1,0,70
0.728129282206391,-0.660741612368985,0,1,71
0.0376457934491145,0.72145559617816,1,0,72
-0.652837695308162,0.72145559617816,1,0,73
-0.652837695308162,0.72145559617816,1,0,74
-1.34332118406544,-0.660741612368985,1,0,75
1.41861277096367,0.72145559617816,1,0,76
-0.652837695308162,-0.660741612368985,0,1,77
-0.652837695308162,0.72145559617816,1,0,78
-0.652837695308162,-0.660741612368985,1,0,79
0.0376457934491145,1.41255420045173,0,1,80
0.0376457934491145,0.0303569919045874,0,1,81
1.41861277096367,1.41255420045173,0,1,82
0.728129282206391,0.72145559617816,0,1,83
-1.34332118406544,-1.35184021664256,1,0,84
1.41861277096367,0.72145559617816,1,0,85
0.728129282206391,0.72145559617816,1,0,86
-0.652837695308162,-1.35184021664256,0,1,87
1.41861277096367,1.41255420045173,1,0,88
-2.03380467282272,-0.660741612368985,1,0,89
-0.652837695308162,0.72145559617816,0,1,90
-0.652837695308162,-0.660741612368985,0,1,91
1.41861277096367,0.72145559617816,0,1,92
0.0376457934491145,-1.35184021664256,1,0,93
0.728129282206391,-1.35184021664256,0,1,94
-1.34332118406544,-0.660741612368985,0,1,95
-0.652837695308162,-0.660741612368985,1,0,96
0.0376457934491145,0.72145559617816,1,0,97
1.41861277096367,-1.35184021664256,0,1,98
-0.652837695308162,-1.35184021664256,0,1,99
0.728129282206391,0.72145559617816,1,0,100
2.10909625972095,0.72145559617816,0,1,101
-0.652837695308162,-0.660741612368985,0,1,102
-0.652837695308162,0.0303569919045874,0,1,103
0.728129282206391,-2.04293882091613,0,1,104
-0.652837695308162,-0.660741612368985,0,1,105
0.728129282206391,0.72145559617816,1,0,106
1.41861277096367,0.72145559617816,1,0,107
-0.652837695308162,-0.660741612368985,0,1,108
-0.652837695308162,0.72145559617816,0,1,109
0.728129282206391,1.41255420045173,0,1,110
-0.652837695308162,0.72145559617816,1,0,111
0.728129282206391,1.41255420045173,0,1,112
-1.34332118406544,-0.660741612368985,0,1,113
0.728129282206391,0.72145559617816,1,0,114
0.728129282206391,0.72145559617816,0,1,115
1.41861277096367,-0.660741612368985,0,1,116
-0.652837695308162,-0.660741612368985,0,1,117
-0.652837695308162,-1.35184021664256,0,1,118
0.728129282206391,0.72145559617816,1,0,119
0.728129282206391,1.41255420045173,1,0,120
0.728129282206391,0.72145559617816,1,0,121
-0.652837695308162,0.72145559617816,1,0,122
-1.34332118406544,-0.660741612368985,1,0,123
0.728129282206391,0.72145559617816,0,1,124
1.41861277096367,1.41255420045173,1,0,125
-0.652837695308162,-0.660741612368985,0,1,126
0.728129282206391,0.72145559617816,1,0,127
-0.652837695308162,-0.660741612368985,1,0,128
1.41861277096367,1.41255420045173,1,0,129
-1.34332118406544,-1.35184021664256,1,0,130
0.728129282206391,0.72145559617816,0,1,131
0.728129282206391,1.41255420045173,0,1,132
-1.34332118406544,-0.660741612368985,1,0,133
1.41861277096367,-0.660741612368985,1,0,134
-0.652837695308162,-0.660741612368985,0,1,135
0.728129282206391,0.72145559617816,1,0,136
1.41861277096367,-0.660741612368985,0,1,137
1.41861277096367,0.0303569919045874,0,1,138
1.41861277096367,0.72145559617816,1,0,139
1.41861277096367,-0.660741612368985,0,1,140
-0.652837695308162,0.72145559617816,1,0,141
1.41861277096367,0.72145559617816,0,1,142
-0.652837695308162,0.72145559617816,1,0,143
0.728129282206391,0.72145559617816,0,1,144
-0.652837695308162,0.72145559617816,0,1,145
0.728129282206391,0.72145559617816,0,1,146
-0.652837695308162,-1.35184021664256,1,0,147
1.41861277096367,0.72145559617816,0,1,148
0.728129282206391,1.41255420045173,1,0,149
-0.652837695308162,-0.660741612368985,1,0,150
-2.03380467282272,-0.660741612368985,0,1,151
0.728129282206391,0.72145559617816,0,1,152
-0.652837695308162,-0.660741612368985,1,0,153
0.728129282206391,0.72145559617816,1,0,154
-1.34332118406544,-2.04293882091613,0,1,155
1.41861277096367,1.41255420045173,1,0,156
-0.652837695308162,-0.660741612368985,1,0,157
0.728129282206391,0.72145559617816,0,1,158
0.728129282206391,0.72145559617816,0,1,159
0.728129282206391,0.72145559617816,0,1,160
-0.652837695308162,-0.660741612368985,0,1,161
-0.652837695308162,-2.04293882091613,0,1,162
-0.652837695308162,-0.660741612368985,0,1,163
1.41861277096367,1.41255420045173,1,0,164
-0.652837695308162,-0.660741612368985,1,0,165
0.728129282206391,0.72145559617816,0,1,166
-1.34332118406544,-1.35184021664256,0,1,167
0.728129282206391,-0.660741612368985,1,0,168
-0.652837695308162,0.72145559617816,0,1,169
-1.34332118406544,-1.35184021664256,1,0,170
0.0376457934491145,0.72145559617816,0,1,171
-0.652837695308162,-0.660741612368985,0,1,172
-0.652837695308162,1.41255420045173,1,0,173
1.41861277096367,2.10365280472531,1,0,174
0.728129282206391,1.41255420045173,1,0,175
-1.34332118406544,-0.660741612368985,0,1,176
1.41861277096367,-0.660741612368985,1,0,177
-0.652837695308162,-1.35184021664256,0,1,178
0.728129282206391,1.41255420045173,0,1,179
-0.652837695308162,-0.660741612368985,1,0,180
0.0376457934491145,-0.660741612368985,0,1,181
-1.34332118406544,-0.660741612368985,0,1,182
1.41861277096367,0.72145559617816,0,1,183
-0.652837695308162,-0.660741612368985,0,1,184
-0.652837695308162,0.72145559617816,0,1,185
0.728129282206391,0.72145559617816,1,0,186
-0.652837695308162,-1.35184021664256,1,0,187
-0.652837695308162,-0.660741612368985,1,0,188
-0.652837695308162,-0.660741612368985,1,0,189
0.728129282206391,0.72145559617816,0,1,190
-1.34332118406544,-0.660741612368985,0,1,191
-0.652837695308162,0.72145559617816,1,0,192
-0.652837695308162,0.72145559617816,1,0,193
-0.652837695308162,-1.35184021664256,0,1,194
-0.652837695308162,0.72145559617816,0,1,195
0.728129282206391,-0.660741612368985,0,1,196
-0.652837695308162,-0.660741612368985,1,0,197
-0.652837695308162,1.41255420045173,0,1,198
-1.34332118406544,0.72145559617816,0,1,199
-0.652837695308162,-0.660741612368985,1,0,200
1.41861277096367,1.41255420045173,0,1,201
-0.652837695308162,0.0303569919045874,0,1,202
-0.652837695308162,0.72145559617816,0,1,203
0.0376457934491145,0.72145559617816,1,0,204
0.728129282206391,0.72145559617816,1,0,205
-0.652837695308162,-0.660741612368985,1,0,206
0.728129282206391,1.41255420045173,0,1,207
-1.34332118406544,-1.35184021664256,1,0,208
-2.03380467282272,-2.04293882091613,1,0,209
1.41861277096367,-0.660741612368985,0,1,210
0.0376457934491145,-1.35184021664256,0,1,211
0.728129282206391,1.41255420045173,0,1,212
-0.652837695308162,-1.35184021664256,0,1,213
0.728129282206391,0.72145559617816,1,0,214
0.0376457934491145,-0.660741612368985,0,1,215
-0.652837695308162,0.72145559617816,0,1,216
1.41861277096367,1.41255420045173,0,1,217
0.728129282206391,0.72145559617816,0,1,218
0.728129282206391,0.72145559617816,0,1,219
-0.652837695308162,-0.660741612368985,1,0,220
0.728129282206391,0.72145559617816,0,1,221
-0.652837695308162,0.72145559617816,0,1,222
-1.34332118406544,-0.660741612368985,0,1,223
-2.03380467282272,-2.04293882091613,1,0,224
-0.652837695308162,0.72145559617816,0,1,225
0.728129282206391,0.72145559617816,0,1,226
1.41861277096367,1.41255420045173,0,1,227
-0.652837695308162,0.72145559617816,0,1,228
0.728129282206391,0.72145559617816,1,0,229
0.728129282206391,0.72145559617816,1,0,230
-0.652837695308162,-0.660741612368985,0,1,231
1.41861277096367,-1.35184021664256,0,1,232
-2.03380467282272,-2.04293882091613,0,1,233
-0.652837695308162,-1.35184021664256,0,1,234
0.0376457934491145,-0.660741612368985,0,1,235
-0.652837695308162,-1.35184021664256,1,0,236
-0.652837695308162,0.72145559617816,0,1,237
1.41861277096367,1.41255420045173,0,1,238
-0.652837695308162,0.72145559617816,0,1,239
-1.34332118406544,-0.660741612368985,1,0,240
0.728129282206391,-1.35184021664256,1,0,241
0.728129282206391,0.72145559617816,1,0,242
2.10909625972095,0.72145559617816,0,1,243
0.728129282206391,-0.660741612368985,0,1,244
-1.34332118406544,-0.660741612368985,0,1,245
0.728129282206391,0.72145559617816,0,1,246
-0.652837695308162,-1.35184021664256,0,1,247
-0.652837695308162,0.72145559617816,0,1,248
-0.652837695308162,-1.35184021664256,0,1,249
-0.652837695308162,0.72145559617816,0,1,250
0.728129282206391,-0.660741612368985,0,1,251
0.728129282206391,-1.35184021664256,0,1,252
-2.03380467282272,1.41255420045173,0,1,253
0.728129282206391,1.41255420045173,0,1,254
1.41861277096367,0.72145559617816,0,1,255
-0.652837695308162,1.41255420045173,0,1,256
-1.34332118406544,-0.660741612368985,0,1,257
-0.652837695308162,-0.660741612368985,1,0,258
0.728129282206391,1.41255420045173,0,1,259
-1.34332118406544,-0.660741612368985,0,1,260
0.728129282206391,0.72145559617816,1,0,261
-0.652837695308162,-0.660741612368985,0,1,262
-0.652837695308162,-1.35184021664256,0,1,263
-0.652837695308162,-1.35184021664256,0,1,264
0.728129282206391,0.72145559617816,1,0,265
-1.34332118406544,1.41255420045173,0,1,266
-1.34332118406544,0.72145559617816,0,1,267
0.728129282206391,-1.35184021664256,0,1,268
-0.652837695308162,-0.660741612368985,1,0,269
1.41861277096367,0.72145559617816,1,0,270
0.728129282206391,0.72145559617816,0,1,271
1.41861277096367,0.72145559617816,1,0,272
0.728129282206391,-0.660741612368985,1,0,273
0.728129282206391,0.72145559617816,1,0,274
0.728129282206391,-0.660741612368985,0,1,275
-2.03380467282272,-1.35184021664256,0,1,276
0.728129282206391,-0.660741612368985,1,0,277
-0.652837695308162,-0.660741612368985,1,0,278
0.728129282206391,0.72145559617816,0,1,279
0.728129282206391,0.72145559617816,1,0,280
0.0376457934491145,1.41255420045173,0,1,281
1.41861277096367,1.41255420045173,1,0,282
0.728129282206391,0.72145559617816,1,0,283
-1.34332118406544,-0.660741612368985,0,1,284
-0.652837695308162,-0.660741612368985,0,1,285
0.728129282206391,-0.660741612368985,0,1,286
0.728129282206391,1.41255420045173,0,1,287
1.41861277096367,1.41255420045173,0,1,288
-0.652837695308162,-1.35184021664256,0,1,289
0.728129282206391,0.72145559617816,1,0,290
-2.03380467282272,-1.35184021664256,0,1,291
-1.34332118406544,-1.35184021664256,1,0,292
-0.652837695308162,0.72145559617816,0,1,293
-0.652837695308162,0.72145559617816,0,1,294
-1.34332118406544,1.41255420045173,0,1,295
-2.03380467282272,-1.35184021664256,0,1,296
-1.34332118406544,0.72145559617816,0,1,297
0.728129282206391,-0.660741612368985,1,0,298
-1.34332118406544,-0.660741612368985,0,1,299
-1.34332118406544,-0.660741612368985,0,1,300
-0.652837695308162,-0.660741612368985,1,0,301
-0.652837695308162,0.72145559617816,0,1,302
1.41861277096367,0.72145559617816,0,1,303
0.728129282206391,-0.660741612368985,0,1,304
1.41861277096367,0.72145559617816,0,1,305
-0.652837695308162,-1.35184021664256,0,1,306
-1.34332118406544,-1.35184021664256,1,0,307
-0.652837695308162,-0.660741612368985,0,1,308
0.728129282206391,0.72145559617816,0,1,309
-0.652837695308162,0.72145559617816,0,1,310
1.41861277096367,1.41255420045173,1,0,311
-0.652837695308162,0.72145559617816,0,1,312
-1.34332118406544,-0.660741612368985,0,1,313
0.728129282206391,1.41255420045173,0,1,314
0.728129282206391,-0.660741612368985,0,1,315
-1.34332118406544,-1.35184021664256,1,0,316
1.41861277096367,0.72145559617816,0,1,317
0.728129282206391,1.41255420045173,1,0,318
-0.652837695308162,-0.660741612368985,0,1,319
1.41861277096367,-3.42513602946328,1,0,320
1.41861277096367,-0.660741612368985,0,1,321
0.728129282206391,-0.660741612368985,0,1,322
0.728129282206391,0.72145559617816,1,0,323
-1.34332118406544,-1.35184021664256,0,1,324
-0.652837695308162,-0.660741612368985,1,0,325
-1.34332118406544,-1.35184021664256,1,0,326
0.0376457934491145,0.72145559617816,0,1,327
-0.652837695308162,-0.660741612368985,0,1,328
0.728129282206391,0.72145559617816,1,0,329
0.728129282206391,0.72145559617816,0,1,330
0.728129282206391,-0.660741612368985,0,1,331
-2.03380467282272,-2.04293882091613,1,0,332
-0.652837695308162,-0.660741612368985,0,1,333
1.41861277096367,1.41255420045173,1,0,334
0.728129282206391,1.41255420045173,0,1,335
-1.34332118406544,-0.660741612368985,0,1,336
0.728129282206391,0.72145559617816,1,0,337
-0.652837695308162,0.0303569919045874,0,1,338
1.41861277096367,-0.660741612368985,0,1,339
1.41861277096367,0.72145559617816,1,0,340
-0.652837695308162,1.41255420045173,0,1,341
-0.652837695308162,-0.660741612368985,0,1,342
-1.34332118406544,-1.35184021664256,0,1,343
0.728129282206391,2.10365280472531,1,0,344
-0.652837695308162,0.0303569919045874,0,1,345
-0.652837695308162,0.72145559617816,0,1,346
2.10909625972095,0.72145559617816,0,1,347
-0.652837695308162,0.72145559617816,1,0,348
-0.652837695308162,-0.660741612368985,0,1,349
-0.652837695308162,-0.660741612368985,1,0,350
0.728129282206391,-0.660741612368985,1,0,351
-0.652837695308162,-0.660741612368985,1,0,352
0.728129282206391,-1.35184021664256,0,1,353
1.41861277096367,2.10365280472531,0,1,354
-1.34332118406544,0.72145559617816,1,0,355
1.41861277096367,1.41255420045173,0,1,356
0.728129282206391,0.72145559617816,1,0,357
-0.652837695308162,-2.04293882091613,0,1,358
0.728129282206391,0.72145559617816,1,0,359
0.728129282206391,0.72145559617816,1,0,360
0.0376457934491145,-0.660741612368985,0,1,361
-0.652837695308162,-2.04293882091613,0,1,362
0.728129282206391,0.72145559617816,0,1,363
0.728129282206391,-0.660741612368985,0,1,364
0.728129282206391,0.72145559617816,0,1,365
1.41861277096367,1.41255420045173,0,1,366
2.10909625972095,2.10365280472531,1,0,367
-0.652837695308162,-0.660741612368985,1,0,368
-0.652837695308162,-0.660741612368985,0,1,369
2.10909625972095,-1.35184021664256,0,1,370
-1.34332118406544,-0.660741612368985,0,1,371
0.728129282206391,1.41255420045173,1,0,372
0.728129282206391,0.72145559617816,0,1,373
1.41861277096367,1.41255420045173,0,1,374
0.728129282206391,-0.660741612368985,0,1,375
0.728129282206391,0.72145559617816,1,0,376
-0.652837695308162,-0.660741612368985,1,0,377
2.10909625972095,0.72145559617816,0,1,378
-0.652837695308162,0.72145559617816,0,1,379
-0.652837695308162,-0.660741612368985,0,1,380
-0.652837695308162,-1.35184021664256,1,0,381
0.728129282206391,0.72145559617816,0,1,382
0.728129282206391,0.72145559617816,1,0,383
0.728129282206391,0.72145559617816,1,0,384
0.728129282206391,0.72145559617816,1,0,385
0.728129282206391,0.72145559617816,0,1,386
-1.34332118406544,-1.35184021664256,0,1,387
0.728129282206391,0.72145559617816,0,1,388
0.728129282206391,0.72145559617816,1,0,389
1.41861277096367,0.72145559617816,0,1,390
1.41861277096367,0.72145559617816,0,1,391
-2.03380467282272,-1.35184021664256,0,1,392
-0.652837695308162,-0.660741612368985,1,0,393
-0.652837695308162,0.72145559617816,1,0,394
-0.652837695308162,-0.660741612368985,0,1,395
1.41861277096367,0.72145559617816,0,1,396
1.41861277096367,0.72145559617816,0,1,397
1.41861277096367,2.10365280472531,0,1,398
0.728129282206391,0.72145559617816,0,1,399
1.41861277096367,-0.660741612368985,1,0,400
0.728129282206391,0.72145559617816,0,1,401
0.728129282206391,0.72145559617816,1,0,402
0.728129282206391,0.72145559617816,1,0,403
0.728129282206391,0.0303569919045874,1,0,404
0.728129282206391,0.0303569919045874,0,1,405
0.728129282206391,-0.660741612368985,0,1,406
-1.34332118406544,-0.660741612368985,1,0,407
1.41861277096367,0.72145559617816,0,1,408
1.41861277096367,-0.660741612368985,0,1,409
-0.652837695308162,-1.35184021664256,0,1,410
-0.652837695308162,-0.660741612368985,0,1,411
0.728129282206391,-0.660741612368985,0,1,412
1.41861277096367,0.72145559617816,0,1,413
0.728129282206391,1.41255420045173,1,0,414
-0.652837695308162,0.72145559617816,1,0,415
-0.652837695308162,0.72145559617816,1,0,416
-2.03380467282272,-0.660741612368985,0,1,417
-0.652837695308162,-1.35184021664256,0,1,418
0.728129282206391,0.72145559617816,1,0,419
-0.652837695308162,-1.35184021664256,0,1,420
0.728129282206391,0.72145559617816,1,0,421
-0.652837695308162,-0.660741612368985,0,1,422
-1.34332118406544,-1.35184021664256,0,1,423
0.728129282206391,0.72145559617816,1,0,424
0.728129282206391,0.72145559617816,1,0,425
-0.652837695308162,-1.35184021664256,0,1,426
-0.652837695308162,-0.660741612368985,0,1,427
0.728129282206391,0.72145559617816,1,0,428
-0.652837695308162,-0.660741612368985,0,1,429
-1.34332118406544,-0.660741612368985,0,1,430
-0.652837695308162,-0.660741612368985,1,0,431
0.728129282206391,0.72145559617816,0,1,432
-0.652837695308162,-0.660741612368985,1,0,433
-0.652837695308162,0.72145559617816,0,1,434
0.728129282206391,1.41255420045173,0,1,435
-1.34332118406544,-1.35184021664256,1,0,436
0.728129282206391,0.72145559617816,0,1,437
-0.652837695308162,-0.660741612368985,1,0,438
-0.652837695308162,-0.660741612368985,0,1,439
-1.34332118406544,-2.04293882091613,0,1,440
-0.652837695308162,0.72145559617816,1,0,441
1.41861277096367,1.41255420045173,0,1,442
1.41861277096367,1.41255420045173,0,1,443
0.728129282206391,0.72145559617816,0,1,444
0.728129282206391,0.72145559617816,1,0,445
0.0376457934491145,0.72145559617816,0,1,446
0.0376457934491145,-0.660741612368985,1,0,447
0.728129282206391,-0.660741612368985,0,1,448
-0.652837695308162,-0.660741612368985,0,1,449
0.728129282206391,0.72145559617816,1,0,450
-0.652837695308162,0.72145559617816,0,1,451
0.728129282206391,1.41255420045173,1,0,452
-2.03380467282272,-0.660741612368985,0,1,453
0.728129282206391,-1.35184021664256,0,1,454
1.41861277096367,0.72145559617816,1,0,455
0.728129282206391,-0.660741612368985,1,0,456
-1.34332118406544,-1.35184021664256,1,0,457
0.728129282206391,0.72145559617816,1,0,458
-0.652837695308162,-2.04293882091613,0,1,459
1.41861277096367,0.72145559617816,0,1,460
-0.652837695308162,0.72145559617816,0,1,461
0.728129282206391,0.72145559617816,1,0,462
-0.652837695308162,1.41255420045173,0,1,463
-1.34332118406544,0.72145559617816,0,1,464
1.41861277096367,-1.35184021664256,0,1,465
-0.652837695308162,-1.35184021664256,0,1,466
-0.652837695308162,-0.660741612368985,0,1,467
0.728129282206391,0.72145559617816,0,1,468
0.728129282206391,0.0303569919045874,1,0,469
0.728129282206391,-0.660741612368985,0,1,470
1.41861277096367,1.41255420045173,1,0,471
-1.34332118406544,-1.35184021664256,1,0,472
0.728129282206391,2.10365280472531,0,1,473
-0.652837695308162,-0.660741612368985,1,0,474
-0.652837695308162,-1.35184021664256,0,1,475
-0.652837695308162,2.10365280472531,1,0,476
1.41861277096367,0.72145559617816,0,1,477
0.0376457934491145,-0.660741612368985,0,1,478
-0.652837695308162,-0.660741612368985,0,1,479
-0.652837695308162,-0.660741612368985,1,0,480
-0.652837695308162,-0.660741612368985,1,0,481
-1.34332118406544,-1.35184021664256,1,0,482
0.728129282206391,0.72145559617816,0,1,483
0.728129282206391,2.10365280472531,1,0,484
-0.652837695308162,-1.35184021664256,0,1,485
-0.652837695308162,-0.660741612368985,0,1,486
1.41861277096367,0.72145559617816,0,1,487
1.41861277096367,0.72145559617816,0,1,488
-1.34332118406544,-0.660741612368985,1,0,489
0.728129282206391,0.72145559617816,0,1,490
0.728129282206391,-0.660741612368985,1,0,491
-0.652837695308162,-1.35184021664256,0,1,492
-0.652837695308162,-0.660741612368985,0,1,493
-0.652837695308162,-2.04293882091613,0,1,494
-0.652837695308162,-1.35184021664256,0,1,495
1.41861277096367,-0.660741612368985,0,1,496
-0.652837695308162,-0.660741612368985,1,0,497
0.0376457934491145,-1.35184021664256,0,1,498
0.728129282206391,0.72145559617816,1,0,499
-0.652837695308162,-0.660741612368985,0,1,500
1.41861277096367,1.41255420045173,1,0,501
0.728129282206391,1.41255420045173,1,0,502
0.0376457934491145,0.72145559617816,1,0,503
-0.652837695308162,0.72145559617816,0,1,504
-1.34332118406544,-0.660741612368985,1,0,505
1.41861277096367,-0.660741612368985,0,1,506
0.728129282206391,-0.660741612368985,1,0,507
-0.652837695308162,0.72145559617816,0,1,508
1.41861277096367,0.72145559617816,0,1,509
-0.652837695308162,-1.35184021664256,0,1,510
0.728129282206391,0.72145559617816,0,1,511
0.0376457934491145,-1.35184021664256,1,0,512
0.728129282206391,0.72145559617816,0,1,513
0.728129282206391,0.0303569919045874,1,0,514
-0.652837695308162,0.72145559617816,1,0,515
-0.652837695308162,1.41255420045173,0,1,516
1.41861277096367,0.72145559617816,1,0,517
-1.34332118406544,-1.35184021664256,0,1,518
-1.34332118406544,-0.660741612368985,0,1,519
0.728129282206391,0.72145559617816,0,1,520
0.728129282206391,-0.660741612368985,0,1,521
-0.652837695308162,-0.660741612368985,0,1,522
0.728129282206391,-0.660741612368985,1,0,523
1.41861277096367,0.0303569919045874,0,1,524
1.41861277096367,1.41255420045173,0,1,525
1.41861277096367,-0.660741612368985,0,1,526
0.0376457934491145,0.72145559617816,0,1,527
0.728129282206391,1.41255420045173,0,1,528
0.728129282206391,-0.660741612368985,0,1,529
0.728129282206391,0.72145559617816,0,1,530
-2.03380467282272,-1.35184021664256,0,1,531
0.728129282206391,1.41255420045173,0,1,532
1.41861277096367,1.41255420045173,0,1,533
-0.652837695308162,-1.35184021664256,0,1,534
0.728129282206391,0.72145559617816,1,0,535
0.728129282206391,-0.660741612368985,1,0,536
-2.03380467282272,-2.04293882091613,0,1,537
-0.652837695308162,-2.04293882091613,1,0,538
-1.34332118406544,0.72145559617816,0,1,539
-0.652837695308162,-0.660741612368985,0,1,540
-1.34332118406544,-2.04293882091613,0,1,541
-1.34332118406544,0.72145559617816,0,1,542
1.41861277096367,1.41255420045173,1,0,543
-0.652837695308162,0.72145559617816,0,1,544
-0.652837695308162,0.72145559617816,1,0,545
-0.652837695308162,-0.660741612368985,0,1,546
-0.652837695308162,-1.35184021664256,0,1,547
0.728129282206391,0.72145559617816,0,1,548
0.728129282206391,-0.660741612368985,0,1,549
0.728129282206391,-0.660741612368985,0,1,550
0.728129282206391,0.72145559617816,1,0,551
-0.652837695308162,-0.660741612368985,0,1,552
-0.652837695308162,-0.660741612368985,1,0,553
-1.34332118406544,-1.35184021664256,0,1,554
-0.652837695308162,0.72145559617816,1,0,555
0.728129282206391,1.41255420045173,0,1,556
-1.34332118406544,-1.35184021664256,0,1,557
1.41861277096367,1.41255420045173,0,1,558
-0.652837695308162,-0.660741612368985,1,0,559
1.41861277096367,1.41255420045173,0,1,560
-0.652837695308162,0.72145559617816,1,0,561
0.728129282206391,-1.35184021664256,0,1,562
-1.34332118406544,-0.660741612368985,0,1,563
0.728129282206391,1.41255420045173,0,1,564
1.41861277096367,1.41255420045173,1,0,565
0.728129282206391,0.72145559617816,1,0,566
0.728129282206391,-0.660741612368985,0,1,567
-0.652837695308162,-0.660741612368985,0,1,568
0.728129282206391,-1.35184021664256,0,1,569
-0.652837695308162,0.72145559617816,0,1,570
-0.652837695308162,-1.35184021664256,0,1,571
0.0376457934491145,-0.660741612368985,1,0,572
0.0376457934491145,0.72145559617816,0,1,573
0.728129282206391,0.72145559617816,1,0,574
-0.652837695308162,0.72145559617816,0,1,575
-0.652837695308162,0.0303569919045874,0,1,576
1.41861277096367,0.72145559617816,0,1,577
0.0376457934491145,-0.660741612368985,0,1,578
0.0376457934491145,0.0303569919045874,1,0,579
-0.652837695308162,0.72145559617816,0,1,580
1.41861277096367,-0.660741612368985,0,1,581
1.41861277096367,1.41255420045173,1,0,582
-1.34332118406544,-0.660741612368985,0,1,583
-0.652837695308162,0.72145559617816,1,0,584
-0.652837695308162,0.0303569919045874,1,0,585
1.41861277096367,1.41255420045173,1,0,586
1.41861277096367,0.72145559617816,0,1,587
0.728129282206391,0.72145559617816,0,1,588
1.41861277096367,1.41255420045173,0,1,589
-1.34332118406544,-0.660741612368985,0,1,590
1.41861277096367,1.41255420045173,0,1,591
-1.34332118406544,-0.660741612368985,0,1,592
-1.34332118406544,-0.660741612368985,0,1,593
-1.34332118406544,-1.35184021664256,0,1,594
0.728129282206391,0.72145559617816,0,1,595
0.728129282206391,0.72145559617816,0,1,596
-0.652837695308162,0.72145559617816,1,0,597
0.728129282206391,1.41255420045173,0,1,598
1.41861277096367,0.72145559617816,0,1,599
-2.03380467282272,-0.660741612368985,1,0,600
-0.652837695308162,-0.660741612368985,1,0,601
0.728129282206391,0.72145559617816,0,1,602
-0.652837695308162,-0.660741612368985,0,1,603
-0.652837695308162,1.41255420045173,1,0,604
0.0376457934491145,0.72145559617816,1,0,605
0.728129282206391,0.72145559617816,1,0,606
1.41861277096367,-0.660741612368985,0,1,607
-0.652837695308162,-0.660741612368985,1,0,608
1.41861277096367,1.41255420045173,1,0,609
1.41861277096367,-0.660741612368985,0,1,610
0.728129282206391,0.72145559617816,1,0,611
1.41861277096367,0.72145559617816,0,1,612
0.728129282206391,0.72145559617816,0,1,613
-1.34332118406544,-1.35184021664256,1,0,614
0.728129282206391,-0.660741612368985,0,1,615
-0.652837695308162,-0.660741612368985,0,1,616
-1.34332118406544,0.72145559617816,0,1,617
-0.652837695308162,1.41255420045173,1,0,618
0.728129282206391,-1.35184021664256,0,1,619
-0.652837695308162,0.72145559617816,0,1,620
0.728129282206391,1.41255420045173,0,1,621
-0.652837695308162,0.0303569919045874,0,1,622
0.728129282206391,0.72145559617816,1,0,623
-0.652837695308162,-0.660741612368985,1,0,624
0.728129282206391,0.72145559617816,0,1,625
0.728129282206391,0.72145559617816,0,1,626
-1.34332118406544,-1.35184021664256,0,1,627
1.41861277096367,1.41255420045173,1,0,628
-1.34332118406544,-0.660741612368985,1,0,629
0.728129282206391,-0.660741612368985,1,0,630
0.728129282206391,0.72145559617816,1,0,631
0.728129282206391,-0.660741612368985,0,1,632
-0.652837695308162,-0.660741612368985,0,1,633
-0.652837695308162,-1.35184021664256,1,0,634
0.728129282206391,0.0303569919045874,0,1,635
0.728129282206391,0.72145559617816,1,0,636
-0.652837695308162,-0.660741612368985,0,1,637
-0.652837695308162,-0.660741612368985,0,1,638
0.0376457934491145,-0.660741612368985,0,1,639
0.728129282206391,0.0303569919045874,0,1,640
-1.34332118406544,-2.04293882091613,0,1,641
-1.34332118406544,-0.660741612368985,0,1,642
0.728129282206391,-1.35184021664256,1,0,643
-0.652837695308162,0.72145559617816,0,1,644
-0.652837695308162,1.41255420045173,0,1,645
-2.03380467282272,-2.04293882091613,0,1,646
-1.34332118406544,1.41255420045173,0,1,647
0.728129282206391,0.72145559617816,1,0,648
-0.652837695308162,0.72145559617816,0,1,649
1.41861277096367,0.72145559617816,0,1,650
-0.652837695308162,-0.660741612368985,1,0,651
0.0376457934491145,0.72145559617816,0,1,652
-1.34332118406544,-0.660741612368985,1,0,653
0.728129282206391,0.72145559617816,1,0,654
0.728129282206391,-0.660741612368985,0,1,655
-0.652837695308162,-1.35184021664256,0,1,656
0.728129282206391,0.72145559617816,1,0,657
-1.34332118406544,-1.35184021664256,0,1,658
0.728129282206391,0.72145559617816,1,0,659
-1.34332118406544,-1.35184021664256,1,0,660
-0.652837695308162,-1.35184021664256,0,1,661
-0.652837695308162,1.41255420045173,1,0,662
0.728129282206391,0.72145559617816,1,0,663
0.728129282206391,1.41255420045173,1,0,664
1.41861277096367,1.41255420045173,1,0,665
1.41861277096367,1.41255420045173,0,1,666
-0.652837695308162,-0.660741612368985,0,1,667
-0.652837695308162,-0.660741612368985,1,0,668
0.728129282206391,0.72145559617816,1,0,669
0.0376457934491145,-1.35184021664256,0,1,670
0.0376457934491145,-0.660741612368985,1,0,671
-0.652837695308162,-0.660741612368985,1,0,672
0.728129282206391,-0.660741612368985,0,1,673
0.728129282206391,0.72145559617816,0,1,674
-0.652837695308162,0.72145559617816,0,1,675
0.728129282206391,0.72145559617816,1,0,676
-0.652837695308162,1.41255420045173,0,1,677
0.728129282206391,0.72145559617816,1,0,678
-0.652837695308162,0.72145559617816,1,0,679
-0.652837695308162,-0.660741612368985,0,1,680
0.728129282206391,0.72145559617816,0,1,681
0.728129282206391,0.72145559617816,1,0,682
-0.652837695308162,-0.660741612368985,1,0,683
1.41861277096367,0.72145559617816,0,1,684
0.728129282206391,-0.660741612368985,0,1,685
-0.652837695308162,-1.35184021664256,0,1,686
0.728129282206391,-0.660741612368985,1,0,687
1.41861277096367,1.41255420045173,0,1,688
-0.652837695308162,-0.660741612368985,1,0,689
-0.652837695308162,0.72145559617816,0,1,690
1.41861277096367,0.72145559617816,0,1,691
-0.652837695308162,0.72145559617816,1,0,692
-1.34332118406544,-1.35184021664256,1,0,693
-0.652837695308162,-0.660741612368985,0,1,694
-2.03380467282272,-1.35184021664256,0,1,695
-1.34332118406544,0.72145559617816,0,1,696
-1.34332118406544,-1.35184021664256,1,0,697
-0.652837695308162,0.72145559617816,0,1,698
0.728129282206391,-1.35184021664256,0,1,699
-1.34332118406544,0.72145559617816,0,1,700
-1.34332118406544,-0.660741612368985,0,1,701
0.728129282206391,0.72145559617816,0,1,702
0.728129282206391,0.72145559617816,0,1,703
0.728129282206391,-0.660741612368985,1,0,704
-0.652837695308162,-1.35184021664256,1,0,705
0.728129282206391,0.72145559617816,0,1,706
0.728129282206391,0.72145559617816,1,0,707
0.728129282206391,1.41255420045173,0,1,708
1.41861277096367,2.10365280472531,0,1,709
1.41861277096367,0.0303569919045874,0,1,710
-0.652837695308162,1.41255420045173,0,1,711
0.0376457934491145,-1.35184021664256,0,1,712
0.0376457934491145,-0.660741612368985,0,1,713
0.728129282206391,0.72145559617816,1,0,714
0.728129282206391,0.72145559617816,1,0,715
0.728129282206391,1.41255420045173,1,0,716
1.41861277096367,1.41255420045173,1,0,717
-0.652837695308162,0.0303569919045874,0,1,718
0.728129282206391,0.72145559617816,0,1,719
-0.652837695308162,-0.660741612368985,0,1,720
0.728129282206391,0.72145559617816,0,1,721
1.41861277096367,1.41255420045173,1,0,722
1.41861277096367,1.41255420045173,1,0,723
1.41861277096367,0.72145559617816,0,1,724
0.728129282206391,0.72145559617816,1,0,725
-0.652837695308162,-0.660741612368985,1,0,726
0.728129282206391,0.72145559617816,0,1,727
-0.652837695308162,0.72145559617816,0,1,728
-0.652837695308162,-1.35184021664256,0,1,729
0.728129282206391,0.72145559617816,1,0,730
-1.34332118406544,-2.04293882091613,1,0,731
0.728129282206391,-1.35184021664256,1,0,732
1.41861277096367,-2.04293882091613,1,0,733
-0.652837695308162,-0.660741612368985,1,0,734
-0.652837695308162,0.72145559617816,0,1,735
-0.652837695308162,-1.35184021664256,1,0,736
-0.652837695308162,-0.660741612368985,1,0,737
1.41861277096367,0.72145559617816,1,0,738
-1.34332118406544,-0.660741612368985,1,0,739
0.728129282206391,0.72145559617816,1,0,740
0.728129282206391,0.72145559617816,0,1,741
0.728129282206391,0.72145559617816,0,1,742
-0.652837695308162,-0.660741612368985,1,0,743
1.41861277096367,1.41255420045173,1,0,744
0.728129282206391,0.72145559617816,0,1,745
1.41861277096367,1.41255420045173,1,0,746
-0.652837695308162,0.72145559617816,1,0,747
1.41861277096367,0.72145559617816,0,1,748
-0.652837695308162,-0.660741612368985,0,1,749
-2.03380467282272,-1.35184021664256,0,1,750
0.728129282206391,1.41255420045173,0,1,751
-0.652837695308162,-0.660741612368985,1,0,752
0.728129282206391,0.72145559617816,0,1,753
-0.652837695308162,-1.35184021664256,0,1,754
0.728129282206391,0.72145559617816,1,0,755
0.728129282206391,1.41255420045173,1,0,756
0.728129282206391,-0.660741612368985,0,1,757
-0.652837695308162,0.72145559617816,0,1,758
0.728129282206391,0.72145559617816,1,0,759
0.728129282206391,-0.660741612368985,0,1,760
-0.652837695308162,0.72145559617816,0,1,761
0.728129282206391,0.72145559617816,1,0,762
0.728129282206391,-0.660741612368985,0,1,763
-0.652837695308162,0.72145559617816,0,1,764
-0.652837695308162,1.41255420045173,0,1,765
-1.34332118406544,-2.04293882091613,0,1,766
1.41861277096367,0.72145559617816,0,1,767
0.728129282206391,0.72145559617816,0,1,768
-1.34332118406544,-1.35184021664256,0,1,769
-0.652837695308162,0.72145559617816,0,1,770
-0.652837695308162,-0.660741612368985,1,0,771
0.728129282206391,0.72145559617816,0,1,772
1.41861277096367,0.72145559617816,1,0,773
0.728129282206391,-0.660741612368985,1,0,774
-0.652837695308162,-1.35184021664256,0,1,775
-0.652837695308162,-0.660741612368985,1,0,776
0.728129282206391,0.72145559617816,0,1,777
0.728129282206391,0.72145559617816,1,0,778
-0.652837695308162,-0.660741612368985,0,1,779
-0.652837695308162,-0.660741612368985,0,1,780
-0.652837695308162,-0.660741612368985,0,1,781
-1.34332118406544,-1.35184021664256,0,1,782
0.728129282206391,-0.660741612368985,0,1,783
1.41861277096367,0.72145559617816,0,1,784
-0.652837695308162,0.72145559617816,0,1,785
0.728129282206391,1.41255420045173,1,0,786
0.728129282206391,0.72145559617816,0,1,787
0.728129282206391,-0.660741612368985,0,1,788
1.41861277096367,0.72145559617816,0,1,789
-0.652837695308162,-0.660741612368985,0,1,790
-0.652837695308162,-0.660741612368985,0,1,791
-0.652837695308162,0.72145559617816,0,1,792
-1.34332118406544,-0.660741612368985,0,1,793
-0.652837695308162,-0.660741612368985,0,1,794
-0.652837695308162,0.72145559617816,1,0,795
-1.34332118406544,0.72145559617816,0,1,796
0.728129282206391,0.72145559617816,1,0,797
-0.652837695308162,0.0303569919045874,1,0,798
1.41861277096367,0.72145559617816,0,1,799
0.0376457934491145,-0.660741612368985,1,0,800
1.41861277096367,1.41255420045173,0,1,801
-0.652837695308162,-0.660741612368985,1,0,802
1.41861277096367,1.41255420045173,1,0,803
0.728129282206391,1.41255420045173,0,1,804
0.0376457934491145,0.0303569919045874,1,0,805
0.0376457934491145,1.41255420045173,0,1,806
1.41861277096367,0.72145559617816,0,1,807
-1.34332118406544,-0.660741612368985,0,1,808
0.728129282206391,0.72145559617816,1,0,809
0.728129282206391,0.72145559617816,0,1,810
0.728129282206391,0.72145559617816,0,1,811
0.728129282206391,-0.660741612368985,1,0,812
0.728129282206391,0.0303569919045874,1,0,813
0.728129282206391,0.72145559617816,0,1,814
1.41861277096367,0.72145559617816,0,1,815
-0.652837695308162,-1.35184021664256,0,1,816
-0.652837695308162,0.72145559617816,0,1,817
-1.34332118406544,-1.35184021664256,1,0,818
-0.652837695308162,-0.660741612368985,0,1,819
0.0376457934491145,0.0303569919045874,0,1,820
0.728129282206391,0.72145559617816,1,0,821
-0.652837695308162,-0.660741612368985,1,0,822
-2.03380467282272,-1.35184021664256,0,1,823
1.41861277096367,0.0303569919045874,0,1,824
0.728129282206391,0.72145559617816,0,1,825
0.728129282206391,-0.660741612368985,0,1,826
0.728129282206391,2.10365280472531,0,1,827
0.728129282206391,0.72145559617816,0,1,828
-0.652837695308162,-0.660741612368985,1,0,829
-0.652837695308162,-0.660741612368985,0,1,830
0.728129282206391,0.72145559617816,1,0,831
0.0376457934491145,0.72145559617816,0,1,832
-0.652837695308162,0.72145559617816,1,0,833
0.728129282206391,-0.660741612368985,1,0,834
0.728129282206391,0.72145559617816,1,0,835
-0.652837695308162,-1.35184021664256,0,1,836
1.41861277096367,0.72145559617816,0,1,837
1.41861277096367,1.41255420045173,0,1,838
-0.652837695308162,-0.660741612368985,1,0,839
0.728129282206391,-0.660741612368985,0,1,840
0.728129282206391,0.72145559617816,1,0,841
1.41861277096367,0.72145559617816,1,0,842
-1.34332118406544,-0.660741612368985,1,0,843
-0.652837695308162,0.72145559617816,0,1,844
0.0376457934491145,-1.35184021664256,0,1,845
-0.652837695308162,-0.660741612368985,1,0,846
-0.652837695308162,-0.660741612368985,1,0,847
-0.652837695308162,-0.660741612368985,0,1,848
-0.652837695308162,-1.35184021664256,1,0,849
-0.652837695308162,-0.660741612368985,1,0,850
-0.652837695308162,-2.04293882091613,0,1,851
-1.34332118406544,-3.42513602946328,0,1,852
0.728129282206391,0.72145559617816,0,1,853
0.728129282206391,0.72145559617816,1,0,854
1.41861277096367,1.41255420045173,0,1,855
0.728129282206391,1.41255420045173,0,1,856
-0.652837695308162,-0.660741612368985,0,1,857
1.41861277096367,1.41255420045173,1,0,858
-1.34332118406544,-2.04293882091613,0,1,859
0.728129282206391,0.72145559617816,1,0,860
0.728129282206391,1.41255420045173,1,0,861
0.728129282206391,0.72145559617816,1,0,862
-2.03380467282272,-2.04293882091613,1,0,863
-0.652837695308162,-0.660741612368985,0,1,864
0.728129282206391,0.72145559617816,0,1,865
-0.652837695308162,-0.660741612368985,0,1,866
-0.652837695308162,-0.660741612368985,0,1,867
-0.652837695308162,-0.660741612368985,1,0,868
-1.34332118406544,-1.35184021664256,0,1,869
-0.652837695308162,-0.660741612368985,0,1,870
0.728129282206391,-0.660741612368985,1,0,871
0.728129282206391,0.72145559617816,1,0,872
-0.652837695308162,-0.660741612368985,1,0,873
-0.652837695308162,0.72145559617816,0,1,874
-1.34332118406544,-0.660741612368985,1,0,875
-0.652837695308162,0.0303569919045874,1,0,876
-0.652837695308162,0.72145559617816,0,1,877
-0.652837695308162,-1.35184021664256,0,1,878
1.41861277096367,1.41255420045173,1,0,879
-1.34332118406544,-1.35184021664256,1,0,880
-2.03380467282272,-2.04293882091613,0,1,881
-2.03380467282272,-2.04293882091613,1,0,882
1.41861277096367,0.72145559617816,0,1,883
0.728129282206391,1.41255420045173,0,1,884
0.728129282206391,-0.660741612368985,1,0,885
-1.34332118406544,-1.35184021664256,1,0,886
-0.652837695308162,0.72145559617816,1,0,887
0.728129282206391,1.41255420045173,1,0,888
-0.652837695308162,-0.660741612368985,0,1,889
0.0376457934491145,-1.35184021664256,0,1,890
0.728129282206391,0.72145559617816,1,0,891
-0.652837695308162,-0.660741612368985,0,1,892
0.728129282206391,0.72145559617816,1,0,893
0.728129282206391,0.72145559617816,0,1,894
-0.652837695308162,1.41255420045173,1,0,895
0.728129282206391,0.72145559617816,1,0,896
1.41861277096367,1.41255420045173,0,1,897
0.728129282206391,-0.660741612368985,0,1,898
1.41861277096367,0.0303569919045874,1,0,899
0.728129282206391,0.72145559617816,1,0,900
-1.34332118406544,-0.660741612368985,0,1,901
-0.652837695308162,0.72145559617816,0,1,902
0.0376457934491145,-0.660741612368985,0,1,903
0.728129282206391,1.41255420045173,1,0,904
-1.34332118406544,-0.660741612368985,0,1,905
0.728129282206391,2.10365280472531,1,0,906
0.728129282206391,0.0303569919045874,0,1,907
1.41861277096367,1.41255420045173,1,0,908
1.41861277096367,0.72145559617816,1,0,909
-1.34332118406544,-1.35184021664256,1,0,910
-0.652837695308162,1.41255420045173,0,1,911
0.728129282206391,1.41255420045173,0,1,912
-0.652837695308162,1.41255420045173,0,1,913
-0.652837695308162,1.41255420045173,1,0,914
1.41861277096367,-0.660741612368985,0,1,915
0.728129282206391,0.72145559617816,1,0,916
-0.652837695308162,-0.660741612368985,1,0,917
-2.03380467282272,0.72145559617816,0,1,918
-0.652837695308162,-0.660741612368985,1,0,919
-0.652837695308162,-0.660741612368985,0,1,920
1.41861277096367,1.41255420045173,1,0,921
2.10909625972095,2.10365280472531,1,0,922
0.728129282206391,0.72145559617816,0,1,923
0.728129282206391,0.72145559617816,0,1,924
-0.652837695308162,1.41255420045173,0,1,925
0.728129282206391,-0.660741612368985,1,0,926
0.728129282206391,0.72145559617816,0,1,927
0.728129282206391,1.41255420045173,0,1,928
0.728129282206391,-2.04293882091613,1,0,929
-0.652837695308162,0.72145559617816,1,0,930
-1.34332118406544,-1.35184021664256,0,1,931
1.41861277096367,1.41255420045173,1,0,932
-0.652837695308162,-0.660741612368985,0,1,933
-0.652837695308162,-0.660741612368985,1,0,934
0.728129282206391,0.72145559617816,1,0,935
-1.34332118406544,-0.660741612368985,1,0,936
-0.652837695308162,-0.660741612368985,0,1,937
-0.652837695308162,-1.35184021664256,0,1,938
0.728129282206391,0.72145559617816,0,1,939
-1.34332118406544,-1.35184021664256,1,0,940
0.728129282206391,-0.660741612368985,0,1,941
-1.34332118406544,-1.35184021664256,0,1,942
-0.652837695308162,-0.660741612368985,0,1,943
-0.652837695308162,0.72145559617816,0,1,944
-0.652837695308162,0.72145559617816,1,0,945
1.41861277096367,0.72145559617816,0,1,946
-0.652837695308162,-0.660741612368985,0,1,947
0.728129282206391,-0.660741612368985,0,1,948
0.728129282206391,0.72145559617816,1,0,949
-0.652837695308162,-1.35184021664256,1,0,950
-0.652837695308162,-0.660741612368985,0,1,951
-1.34332118406544,0.72145559617816,1,0,952
0.728129282206391,1.41255420045173,1,0,953
0.728129282206391,0.72145559617816,0,1,954
-0.652837695308162,-1.35184021664256,0,1,955
0.0376457934491145,0.72145559617816,0,1,956
-0.652837695308162,0.72145559617816,0,1,957
-1.34332118406544,-2.04293882091613,1,0,958
0.728129282206391,0.0303569919045874,1,0,959
-0.652837695308162,-0.660741612368985,0,1,960
-0.652837695308162,0.72145559617816,0,1,961
-0.652837695308162,-0.660741612368985,0,1,962
-0.652837695308162,-1.35184021664256,1,0,963
-0.652837695308162,0.72145559617816,0,1,964
0.728129282206391,0.72145559617816,0,1,965
-1.34332118406544,-1.35184021664256,0,1,966
-1.34332118406544,-1.35184021664256,1,0,967
0.728129282206391,0.72145559617816,1,0,968
-1.34332118406544,0.72145559617816,0,1,969
1.41861277096367,0.72145559617816,0,1,970
0.728129282206391,0.72145559617816,0,1,971
0.728129282206391,0.72145559617816,1,0,972
-0.652837695308162,0.72145559617816,0,1,973
0.728129282206391,0.72145559617816,0,1,974
0.728129282206391,-1.35184021664256,1,0,975
1.41861277096367,1.41255420045173,0,1,976
0.728129282206391,0.72145559617816,0,1,977
0.728129282206391,0.72145559617816,0,1,978
0.728129282206391,0.72145559617816,0,1,979
0.728129282206391,0.72145559617816,0,1,980
1.41861277096367,0.72145559617816,1,0,981
-0.652837695308162,-1.35184021664256,0,1,982
-0.652837695308162,-1.35184021664256,1,0,983
0.728129282206391,0.72145559617816,0,1,984
0.728129282206391,-0.660741612368985,1,0,985
-0.652837695308162,-0.660741612368985,1,0,986
0.728129282206391,0.72145559617816,0,1,987
1.41861277096367,1.41255420045173,1,0,988
-0.652837695308162,-0.660741612368985,0,1,989
0.728129282206391,1.41255420045173,0,1,990
-0.652837695308162,-0.660741612368985,0,1,991
0.728129282206391,1.41255420045173,0,1,992
-1.34332118406544,-1.35184021664256,1,0,993
-0.652837695308162,0.72145559617816,0,1,994
-0.652837695308162,-2.04293882091613,0,1,995
-1.34332118406544,0.72145559617816,1,0,996
-2.03380467282272,-0.660741612368985,1,0,997
1.41861277096367,1.41255420045173,0,1,998
0.728129282206391,0.72145559617816,1,0,999
-0.652837695308162,-0.660741612368985,1,0,1000
-0.652837695308162,0.72145559617816,0,1,1001
-1.34332118406544,-1.35184021664256,1,0,1002
0.728129282206391,0.72145559617816,1,0,1003
-0.652837695308162,-0.660741612368985,1,0,1004
-1.34332118406544,-1.35184021664256,1,0,1005
0.728129282206391,0.72145559617816,0,1,1006
0.728129282206391,0.72145559617816,0,1,1007
0.728129282206391,0.72145559617816,1,0,1008
-0.652837695308162,0.0303569919045874,0,1,1009
-0.652837695308162,-1.35184021664256,1,0,1010
2.10909625972095,-0.660741612368985,0,1,1011
1.41861277096367,1.41255420045173,0,1,1012
-1.34332118406544,-1.35184021664256,1,0,1013
-1.34332118406544,-0.660741612368985,0,1,1014
1.41861277096367,1.41255420045173,0,1,1015
-0.652837695308162,-0.660741612368985,0,1,1016
-0.652837695308162,-0.660741612368985,0,1,1017
-1.34332118406544,-1.35184021664256,0,1,1018
0.728129282206391,0.72145559617816,1,0,1019
-0.652837695308162,-0.660741612368985,0,1,1020
-1.34332118406544,-0.660741612368985,1,0,1021
0.728129282206391,0.72145559617816,0,1,1022
0.728129282206391,1.41255420045173,0,1,1023
-0.652837695308162,0.72145559617816,0,1,1024
0.728129282206391,-0.660741612368985,0,1,1025
1.41861277096367,0.72145559617816,0,1,1026
0.728129282206391,0.72145559617816,1,0,1027
-0.652837695308162,0.72145559617816,0,1,1028
-0.652837695308162,-1.35184021664256,0,1,1029
0.728129282206391,-0.660741612368985,1,0,1030
-1.34332118406544,-0.660741612368985,1,0,1031
0.728129282206391,-0.660741612368985,0,1,1032
-0.652837695308162,-0.660741612368985,1,0,1033
0.728129282206391,0.72145559617816,0,1,1034
0.728129282206391,-0.660741612368985,0,1,1035
-0.652837695308162,0.0303569919045874,0,1,1036
0.728129282206391,-0.660741612368985,0,1,1037
1.41861277096367,1.41255420045173,1,0,1038
-0.652837695308162,-0.660741612368985,1,0,1039
1.41861277096367,1.41255420045173,0,1,1040
1.41861277096367,0.0303569919045874,0,1,1041
0.728129282206391,0.72145559617816,1,0,1042
-0.652837695308162,-1.35184021664256,0,1,1043
-1.34332118406544,-1.35184021664256,0,1,1044
-0.652837695308162,-1.35184021664256,0,1,1045
0.728129282206391,0.72145559617816,1,0,1046
-0.652837695308162,-1.35184021664256,0,1,1047
-0.652837695308162,0.72145559617816,0,1,1048
0.728129282206391,0.72145559617816,0,1,1049
1.41861277096367,0.72145559617816,0,1,1050
-0.652837695308162,-0.660741612368985,0,1,1051
0.728129282206391,0.72145559617816,1,0,1052
0.728129282206391,0.72145559617816,0,1,1053
0.728129282206391,-1.35184021664256,0,1,1054
-0.652837695308162,0.72145559617816,1,0,1055
-0.652837695308162,0.0303569919045874,0,1,1056
-0.652837695308162,-0.660741612368985,0,1,1057
-0.652837695308162,-0.660741612368985,0,1,1058
0.728129282206391,0.72145559617816,1,0,1059
1.41861277096367,1.41255420045173,0,1,1060
-0.652837695308162,1.41255420045173,0,1,1061
1.41861277096367,0.72145559617816,0,1,1062
1.41861277096367,0.72145559617816,0,1,1063
-0.652837695308162,-0.660741612368985,0,1,1064
0.728129282206391,0.72145559617816,0,1,1065
0.728129282206391,0.72145559617816,1,0,1066
-0.652837695308162,-0.660741612368985,1,0,1067
2.10909625972095,2.10365280472531,0,1,1068
-0.652837695308162,-0.660741612368985,1,0,1069
-0.652837695308162,0.72145559617816,1,0,1070
0.728129282206391,0.72145559617816,0,1,1071
0.728129282206391,-0.660741612368985,0,1,1072
-0.652837695308162,0.72145559617816,0,1,1073
-0.652837695308162,0.72145559617816,1,0,1074
0.728129282206391,0.72145559617816,1,0,1075
2.10909625972095,0.72145559617816,0,1,1076
-0.652837695308162,-0.660741612368985,1,0,1077
-0.652837695308162,-0.660741612368985,1,0,1078
0.728129282206391,0.72145559617816,0,1,1079
-0.652837695308162,-0.660741612368985,1,0,1080
0.728129282206391,0.72145559617816,1,0,1081
0.728129282206391,-0.660741612368985,0,1,1082
1.41861277096367,1.41255420045173,1,0,1083
-1.34332118406544,-1.35184021664256,0,1,1084
1.41861277096367,0.72145559617816,0,1,1085
-1.34332118406544,-0.660741612368985,0,1,1086
-1.34332118406544,-0.660741612368985,0,1,1087
1.41861277096367,0.72145559617816,0,1,1088
-3.41477165033727,0.72145559617816,1,0,1089
-0.652837695308162,0.72145559617816,0,1,1090
0.728129282206391,-0.660741612368985,0,1,1091
-0.652837695308162,-0.660741612368985,0,1,1092
-0.652837695308162,-0.660741612368985,1,0,1093
0.728129282206391,-1.35184021664256,0,1,1094
-1.34332118406544,-0.660741612368985,0,1,1095
-1.34332118406544,-1.35184021664256,1,0,1096
-1.34332118406544,-1.35184021664256,0,1,1097
-1.34332118406544,-2.04293882091613,1,0,1098
1.41861277096367,-0.660741612368985,0,1,1099
1.41861277096367,1.41255420045173,0,1,1100
0.728129282206391,0.72145559617816,1,0,1101
-0.652837695308162,-0.660741612368985,0,1,1102
1.41861277096367,0.72145559617816,0,1,1103
0.728129282206391,0.72145559617816,0,1,1104
1.41861277096367,0.72145559617816,0,1,1105
1.41861277096367,0.72145559617816,0,1,1106
1.41861277096367,0.72145559617816,1,0,1107
-0.652837695308162,-1.35184021664256,1,0,1108
-2.03380467282272,0.72145559617816,0,1,1109
0.728129282206391,-0.660741612368985,1,0,1110
1.41861277096367,0.72145559617816,0,1,1111
-0.652837695308162,-1.35184021664256,0,1,1112
0.728129282206391,-1.35184021664256,0,1,1113
1.41861277096367,1.41255420045173,1,0,1114
0.728129282206391,0.72145559617816,1,0,1115
0.728129282206391,0.72145559617816,1,0,1116
0.0376457934491145,0.72145559617816,0,1,1117
0.728129282206391,1.41255420045173,1,0,1118
-1.34332118406544,-1.35184021664256,1,0,1119
-1.34332118406544,-0.660741612368985,1,0,1120
-1.34332118406544,-2.04293882091613,0,1,1121
-1.34332118406544,-0.660741612368985,0,1,1122
-0.652837695308162,0.72145559617816,0,1,1123
0.728129282206391,0.72145559617816,0,1,1124
0.728129282206391,-0.660741612368985,0,1,1125
1.41861277096367,-0.660741612368985,0,1,1126
1.41861277096367,-0.660741612368985,1,0,1127
0.728129282206391,0.72145559617816,0,1,1128
0.728129282206391,0.72145559617816,0,1,1129
0.728129282206391,0.72145559617816,0,1,1130
0.728129282206391,-1.35184021664256,1,0,1131
-0.652837695308162,1.41255420045173,0,1,1132
0.728129282206391,0.72145559617816,0,1,1133
0.728129282206391,-0.660741612368985,0,1,1134
0.728129282206391,0.72145559617816,1,0,1135
0.728129282206391,1.41255420045173,0,1,1136
-1.34332118406544,0.72145559617816,0,1,1137
-0.652837695308162,0.72145559617816,0,1,1138
-0.652837695308162,0.72145559617816,0,1,1139
-1.34332118406544,-0.660741612368985,1,0,1140
1.41861277096367,0.72145559617816,1,0,1141
-1.34332118406544,0.72145559617816,0,1,1142
-0.652837695308162,0.72145559617816,1,0,1143
0.728129282206391,-0.660741612368985,0,1,1144
1.41861277096367,0.0303569919045874,1,0,1145
-0.652837695308162,0.72145559617816,0,1,1146
0.728129282206391,-3.42513602946328,0,1,1147
-0.652837695308162,0.72145559617816,0,1,1148
-0.652837695308162,-0.660741612368985,1,0,1149
0.728129282206391,-3.42513602946328,0,1,1150
-1.34332118406544,0.72145559617816,0,1,1151
-0.652837695308162,0.72145559617816,0,1,1152
-0.652837695308162,-0.660741612368985,0,1,1153
-0.652837695308162,-1.35184021664256,0,1,1154
-1.34332118406544,-1.35184021664256,0,1,1155
0.728129282206391,1.41255420045173,0,1,1156
0.728129282206391,1.41255420045173,0,1,1157
-0.652837695308162,0.72145559617816,0,1,1158
-0.652837695308162,-0.660741612368985,0,1,1159
-0.652837695308162,0.72145559617816,1,0,1160
0.728129282206391,0.72145559617816,0,1,1161
0.728129282206391,0.72145559617816,0,1,1162
-0.652837695308162,-1.35184021664256,0,1,1163
0.728129282206391,0.72145559617816,0,1,1164
1.41861277096367,1.41255420045173,0,1,1165
-0.652837695308162,-0.660741612368985,0,1,1166
0.728129282206391,-0.660741612368985,1,0,1167
0.728129282206391,-1.35184021664256,0,1,1168
0.728129282206391,-1.35184021664256,0,1,1169
0.728129282206391,0.72145559617816,0,1,1170
-3.41477165033727,-0.660741612368985,1,0,1171
1.41861277096367,1.41255420045173,1,0,1172
-0.652837695308162,-0.660741612368985,0,1,1173
0.728129282206391,0.72145559617816,1,0,1174
-0.652837695308162,1.41255420045173,0,1,1175
0.728129282206391,0.72145559617816,0,1,1176
-1.34332118406544,-1.35184021664256,0,1,1177
1.41861277096367,0.72145559617816,0,1,1178
0.728129282206391,0.72145559617816,1,0,1179
-2.03380467282272,1.41255420045173,0,1,1180
0.728129282206391,-1.35184021664256,0,1,1181
-0.652837695308162,0.72145559617816,0,1,1182
-0.652837695308162,-1.35184021664256,0,1,1183
-1.34332118406544,-0.660741612368985,1,0,1184
0.728129282206391,0.72145559617816,0,1,1185
0.728129282206391,-0.660741612368985,1,0,1186
0.728129282206391,1.41255420045173,1,0,1187
0.728129282206391,-1.35184021664256,0,1,1188
0.0376457934491145,0.72145559617816,1,0,1189
-0.652837695308162,-0.660741612368985,1,0,1190
0.728129282206391,-0.660741612368985,1,0,1191
-1.34332118406544,-0.660741612368985,0,1,1192
-0.652837695308162,-0.660741612368985,0,1,1193
0.728129282206391,0.72145559617816,1,0,1194
-0.652837695308162,-0.660741612368985,0,1,1195
0.728129282206391,0.72145559617816,0,1,1196
-1.34332118406544,0.0303569919045874,0,1,1197
1.41861277096367,1.41255420045173,0,1,1198
0.728129282206391,-0.660741612368985,0,1,1199
0.728129282206391,0.72145559617816,0,1,1200
0.728129282206391,0.72145559617816,1,0,1201
-0.652837695308162,-0.660741612368985,1,0,1202
-0.652837695308162,-0.660741612368985,0,1,1203
-0.652837695308162,-0.660741612368985,0,1,1204
1.41861277096367,0.72145559617816,1,0,1205
0.728129282206391,-0.660741612368985,1,0,1206
1.41861277096367,0.0303569919045874,0,1,1207
0.728129282206391,0.72145559617816,1,0,1208
0.728129282206391,0.72145559617816,0,1,1209
0.728129282206391,0.72145559617816,1,0,1210
0.728129282206391,-0.660741612368985,0,1,1211
0.728129282206391,0.72145559617816,0,1,1212
1.41861277096367,0.72145559617816,1,0,1213
-0.652837695308162,-1.35184021664256,0,1,1214
0.728129282206391,-0.660741612368985,0,1,1215
0.728129282206391,1.41255420045173,0,1,1216
-0.652837695308162,-0.660741612368985,1,0,1217
1.41861277096367,0.72145559617816,0,1,1218
0.728129282206391,0.0303569919045874,0,1,1219
0.728129282206391,-0.660741612368985,0,1,1220
-1.34332118406544,0.72145559617816,0,1,1221
0.728129282206391,0.72145559617816,1,0,1222
-0.652837695308162,-0.660741612368985,1,0,1223
0.728129282206391,0.0303569919045874,1,0,1224
-0.652837695308162,0.72145559617816,0,1,1225
-0.652837695308162,0.72145559617816,1,0,1226
0.728129282206391,0.72145559617816,0,1,1227
0.728129282206391,0.72145559617816,1,0,1228
0.728129282206391,0.72145559617816,1,0,1229
-1.34332118406544,-1.35184021664256,0,1,1230
0.728129282206391,0.72145559617816,1,0,1231
0.728129282206391,0.72145559617816,1,0,1232
-0.652837695308162,-0.660741612368985,0,1,1233
1.41861277096367,1.41255420045173,0,1,1234
0.728129282206391,-1.35184021664256,1,0,1235
-0.652837695308162,0.72145559617816,1,0,1236
-0.652837695308162,0.72145559617816,0,1,1237
0.728129282206391,0.72145559617816,1,0,1238
-0.652837695308162,-1.35184021664256,1,0,1239
0.728129282206391,0.72145559617816,0,1,1240
-0.652837695308162,-0.660741612368985,1,0,1241
0.728129282206391,-0.660741612368985,0,1,1242
-0.652837695308162,-1.35184021664256,0,1,1243
1.41861277096367,0.72145559617816,0,1,1244
0.728129282206391,-1.35184021664256,1,0,1245
1.41861277096367,1.41255420045173,0,1,1246
-0.652837695308162,-0.660741612368985,0,1,1247
-0.652837695308162,0.72145559617816,0,1,1248
0.728129282206391,0.72145559617816,0,1,1249
-0.652837695308162,0.72145559617816,1,0,1250
0.0376457934491145,0.72145559617816,0,1,1251
-0.652837695308162,-0.660741612368985,0,1,1252
-0.652837695308162,-0.660741612368985,1,0,1253
0.0376457934491145,-0.660741612368985,0,1,1254
-1.34332118406544,-0.660741612368985,0,1,1255
0.0376457934491145,-0.660741612368985,0,1,1256
1.41861277096367,-0.660741612368985,0,1,1257
-0.652837695308162,0.72145559617816,0,1,1258
1.41861277096367,1.41255420045173,0,1,1259
0.728129282206391,1.41255420045173,1,0,1260
-0.652837695308162,-0.660741612368985,1,0,1261
-0.652837695308162,0.72145559617816,0,1,1262
-0.652837695308162,-0.660741612368985,0,1,1263
-0.652837695308162,-1.35184021664256,0,1,1264
0.728129282206391,0.72145559617816,0,1,1265
-0.652837695308162,-1.35184021664256,0,1,1266
0.0376457934491145,0.0303569919045874,0,1,1267
0.728129282206391,0.72145559617816,1,0,1268
2.10909625972095,0.72145559617816,0,1,1269
0.728129282206391,-0.660741612368985,1,0,1270
1.41861277096367,0.72145559617816,1,0,1271
-0.652837695308162,-0.660741612368985,0,1,1272
-0.652837695308162,-1.35184021664256,1,0,1273
1.41861277096367,0.72145559617816,1,0,1274
-0.652837695308162,0.72145559617816,0,1,1275
-0.652837695308162,0.72145559617816,0,1,1276
-1.34332118406544,-1.35184021664256,1,0,1277
-0.652837695308162,0.72145559617816,1,0,1278
0.728129282206391,0.72145559617816,0,1,1279
0.728129282206391,1.41255420045173,1,0,1280
-0.652837695308162,0.72145559617816,0,1,1281
0.728129282206391,0.72145559617816,0,1,1282
-0.652837695308162,-0.660741612368985,1,0,1283
-1.34332118406544,1.41255420045173,0,1,1284
0.728129282206391,0.72145559617816,1,0,1285
-0.652837695308162,0.72145559617816,1,0,1286
1.41861277096367,0.72145559617816,0,1,1287
0.728129282206391,0.72145559617816,1,0,1288
-0.652837695308162,-0.660741612368985,1,0,1289
-0.652837695308162,0.72145559617816,0,1,1290
0.728129282206391,-0.660741612368985,0,1,1291
-1.34332118406544,-1.35184021664256,1,0,1292
1.41861277096367,0.72145559617816,0,1,1293
-0.652837695308162,-0.660741612368985,0,1,1294
1.41861277096367,0.72145559617816,1,0,1295
-2.03380467282272,-1.35184021664256,0,1,1296
-2.03380467282272,-0.660741612368985,1,0,1297
0.728129282206391,0.72145559617816,1,0,1298
1.41861277096367,1.41255420045173,1,0,1299
1.41861277096367,1.41255420045173,1,0,1300
0.728129282206391,1.41255420045173,0,1,1301
0.728129282206391,0.72145559617816,1,0,1302
0.728129282206391,0.72145559617816,1,0,1303
-0.652837695308162,-1.35184021664256,0,1,1304
-0.652837695308162,0.72145559617816,1,0,1305
1.41861277096367,0.72145559617816,1,0,1306
-0.652837695308162,-0.660741612368985,0,1,1307
-0.652837695308162,1.41255420045173,0,1,1308
0.728129282206391,1.41255420045173,1,0,1309
0.728129282206391,0.72145559617816,1,0,1310
-0.652837695308162,0.72145559617816,0,1,1311
-0.652837695308162,-0.660741612368985,1,0,1312
-0.652837695308162,-0.660741612368985,0,1,1313
-1.34332118406544,-1.35184021664256,1,0,1314
0.728129282206391,1.41255420045173,0,1,1315
-0.652837695308162,0.72145559617816,0,1,1316
0.0376457934491145,-0.660741612368985,0,1,1317
0.728129282206391,0.72145559617816,1,0,1318
0.728129282206391,0.72145559617816,0,1,1319
1.41861277096367,1.41255420045173,0,1,1320
1.41861277096367,2.10365280472531,1,0,1321
-0.652837695308162,0.72145559617816,0,1,1322
0.728129282206391,0.72145559617816,0,1,1323
0.0376457934491145,0.72145559617816,1,0,1324
0.728129282206391,1.41255420045173,1,0,1325
-0.652837695308162,0.72145559617816,1,0,1326
0.728129282206391,0.72145559617816,0,1,1327
0.728129282206391,-1.35184021664256,0,1,1328
1.41861277096367,1.41255420045173,1,0,1329
-0.652837695308162,0.72145559617816,0,1,1330
0.0376457934491145,-0.660741612368985,0,1,1331
0.728129282206391,0.72145559617816,0,1,1332
-0.652837695308162,0.0303569919045874,0,1,1333
1.41861277096367,-0.660741612368985,0,1,1334
-0.652837695308162,-0.660741612368985,1,0,1335
1.41861277096367,-1.35184021664256,0,1,1336
-0.652837695308162,0.72145559617816,0,1,1337
0.728129282206391,0.72145559617816,0,1,1338
-0.652837695308162,-0.660741612368985,0,1,1339
-0.652837695308162,0.72145559617816,1,0,1340
-0.652837695308162,-0.660741612368985,1,0,1341
-0.652837695308162,0.72145559617816,0,1,1342
0.0376457934491145,0.0303569919045874,0,1,1343
0.728129282206391,-0.660741612368985,1,0,1344
0.728129282206391,-0.660741612368985,0,1,1345
-0.652837695308162,0.72145559617816,1,0,1346
0.0376457934491145,0.72145559617816,0,1,1347
-3.41477165033727,-0.660741612368985,0,1,1348
0.728129282206391,1.41255420045173,1,0,1349
0.728129282206391,0.72145559617816,0,1,1350
-0.652837695308162,-1.35184021664256,1,0,1351
0.728129282206391,0.72145559617816,0,1,1352
-0.652837695308162,-0.660741612368985,0,1,1353
0.728129282206391,-1.35184021664256,0,1,1354
-0.652837695308162,-0.660741612368985,0,1,1355
-0.652837695308162,-1.35184021664256,0,1,1356
-0.652837695308162,2.10365280472531,0,1,1357
-0.652837695308162,-0.660741612368985,1,0,1358
0.728129282206391,0.72145559617816,1,0,1359
-1.34332118406544,0.72145559617816,0,1,1360
-0.652837695308162,0.72145559617816,1,0,1361
-0.652837695308162,0.72145559617816,0,1,1362
0.728129282206391,0.72145559617816,1,0,1363
-0.652837695308162,-0.660741612368985,0,1,1364
0.728129282206391,1.41255420045173,1,0,1365
0.728129282206391,0.72145559617816,0,1,1366
0.728129282206391,0.72145559617816,1,0,1367
0.728129282206391,0.72145559617816,1,0,1368
-0.652837695308162,-1.35184021664256,0,1,1369
0.728129282206391,1.41255420045173,0,1,1370
0.728129282206391,0.72145559617816,0,1,1371
1.41861277096367,0.72145559617816,0,1,1372
-0.652837695308162,0.72145559617816,0,1,1373
0.0376457934491145,0.72145559617816,0,1,1374
-1.34332118406544,-1.35184021664256,0,1,1375
0.728129282206391,0.72145559617816,1,0,1376
-0.652837695308162,0.72145559617816,1,0,1377
-0.652837695308162,0.72145559617816,0,1,1378
0.728129282206391,0.72145559617816,1,0,1379
-0.652837695308162,-0.660741612368985,0,1,1380
0.728129282206391,-0.660741612368985,0,1,1381
-2.03380467282272,0.72145559617816,0,1,1382
-1.34332118406544,0.72145559617816,0,1,1383
0.728129282206391,0.72145559617816,1,0,1384
-0.652837695308162,-1.35184021664256,0,1,1385
0.728129282206391,0.72145559617816,0,1,1386
-1.34332118406544,0.0303569919045874,0,1,1387
-0.652837695308162,1.41255420045173,0,1,1388
-1.34332118406544,1.41255420045173,0,1,1389
0.728129282206391,0.72145559617816,1,0,1390
0.728129282206391,0.72145559617816,1,0,1391
0.0376457934491145,0.72145559617816,1,0,1392
-0.652837695308162,-0.660741612368985,0,1,1393
0.728129282206391,0.0303569919045874,0,1,1394
-0.652837695308162,-0.660741612368985,1,0,1395
0.728129282206391,0.72145559617816,1,0,1396
0.728129282206391,0.72145559617816,1,0,1397
1.41861277096367,1.41255420045173,0,1,1398
-0.652837695308162,-0.660741612368985,1,0,1399
-0.652837695308162,-0.660741612368985,0,1,1400
-0.652837695308162,-0.660741612368985,1,0,1401
-2.03380467282272,-0.660741612368985,0,1,1402
0.0376457934491145,0.72145559617816,0,1,1403
1.41861277096367,0.72145559617816,1,0,1404
-0.652837695308162,-0.660741612368985,0,1,1405
0.728129282206391,-0.660741612368985,0,1,1406
1.41861277096367,1.41255420045173,1,0,1407
0.728129282206391,0.72145559617816,0,1,1408
-1.34332118406544,-0.660741612368985,0,1,1409
-0.652837695308162,-1.35184021664256,0,1,1410
-2.03380467282272,-0.660741612368985,1,0,1411
-0.652837695308162,-0.660741612368985,1,0,1412
-0.652837695308162,-1.35184021664256,1,0,1413
1.41861277096367,1.41255420045173,1,0,1414
0.728129282206391,0.72145559617816,0,1,1415
0.728129282206391,-0.660741612368985,0,1,1416
-0.652837695308162,1.41255420045173,0,1,1417
0.728129282206391,0.72145559617816,1,0,1418
0.728129282206391,-0.660741612368985,1,0,1419
-1.34332118406544,-0.660741612368985,0,1,1420
-1.34332118406544,-0.660741612368985,0,1,1421
-1.34332118406544,0.72145559617816,0,1,1422
-1.34332118406544,-0.660741612368985,0,1,1423
-0.652837695308162,-1.35184021664256,0,1,1424
-0.652837695308162,-0.660741612368985,0,1,1425
-0.652837695308162,0.72145559617816,1,0,1426
0.728129282206391,-1.35184021664256,0,1,1427
-1.34332118406544,-0.660741612368985,0,1,1428
0.728129282206391,0.72145559617816,0,1,1429
-0.652837695308162,-0.660741612368985,1,0,1430
0.728129282206391,-1.35184021664256,0,1,1431
1.41861277096367,1.41255420045173,1,0,1432
-0.652837695308162,-0.660741612368985,0,1,1433
0.728129282206391,1.41255420045173,1,0,1434
-0.652837695308162,0.72145559617816,0,1,1435
-0.652837695308162,-1.35184021664256,0,1,1436
-0.652837695308162,-0.660741612368985,0,1,1437
-0.652837695308162,-1.35184021664256,0,1,1438
0.728129282206391,0.72145559617816,0,1,1439
0.728129282206391,0.72145559617816,1,0,1440
-0.652837695308162,-0.660741612368985,1,0,1441
-2.03380467282272,-2.04293882091613,0,1,1442
0.728129282206391,-0.660741612368985,1,0,1443
-0.652837695308162,-0.660741612368985,0,1,1444
-0.652837695308162,-0.660741612368985,0,1,1445
0.728129282206391,0.72145559617816,1,0,1446
0.728129282206391,0.72145559617816,1,0,1447
-0.652837695308162,1.41255420045173,0,1,1448
-2.03380467282272,-0.660741612368985,0,1,1449
-0.652837695308162,-0.660741612368985,0,1,1450
0.728129282206391,0.72145559617816,0,1,1451
0.728129282206391,0.72145559617816,1,0,1452
0.728129282206391,0.72145559617816,0,1,1453
1.41861277096367,1.41255420045173,0,1,1454
1.41861277096367,0.72145559617816,1,0,1455
1.41861277096367,1.41255420045173,1,0,1456
-0.652837695308162,0.72145559617816,0,1,1457
0.728129282206391,-0.660741612368985,1,0,1458
-0.652837695308162,0.72145559617816,0,1,1459
1.41861277096367,1.41255420045173,0,1,1460
1.41861277096367,0.72145559617816,0,1,1461
0.728129282206391,-0.660741612368985,0,1,1462
0.0376457934491145,0.72145559617816,0,1,1463
0.728129282206391,0.72145559617816,1,0,1464
1.41861277096367,1.41255420045173,1,0,1465
-0.652837695308162,-1.35184021664256,0,1,1466
1.41861277096367,0.72145559617816,0,1,1467
0.728129282206391,0.72145559617816,1,0,1468
-1.34332118406544,-0.660741612368985,1,0,1469
1.41861277096367,0.0303569919045874,0,1,1470
1.41861277096367,1.41255420045173,1,0,1471
-1.34332118406544,-0.660741612368985,1,0,1472
1.41861277096367,1.41255420045173,0,1,1473
0.728129282206391,-0.660741612368985,0,1,1474
0.728129282206391,0.0303569919045874,0,1,1475
-1.34332118406544,-1.35184021664256,0,1,1476
0.728129282206391,0.72145559617816,1,0,1477
-0.652837695308162,1.41255420045173,1,0,1478
0.728129282206391,0.72145559617816,1,0,1479
-0.652837695308162,-1.35184021664256,0,1,1480
-1.34332118406544,-1.35184021664256,1,0,1481
-2.03380467282272,-0.660741612368985,0,1,1482
1.41861277096367,-0.660741612368985,0,1,1483
0.728129282206391,-3.42513602946328,1,0,1484
-0.652837695308162,-0.660741612368985,0,1,1485
-0.652837695308162,0.72145559617816,0,1,1486
0.728129282206391,0.72145559617816,0,1,1487
-0.652837695308162,0.72145559617816,1,0,1488
-0.652837695308162,0.72145559617816,0,1,1489
0.728129282206391,0.72145559617816,1,0,1490
-0.652837695308162,-0.660741612368985,1,0,1491
-1.34332118406544,-0.660741612368985,1,0,1492
-0.652837695308162,-0.660741612368985,0,1,1493
0.728129282206391,0.72145559617816,1,0,1494
0.0376457934491145,0.72145559617816,0,1,1495
-0.652837695308162,0.72145559617816,1,0,1496
0.728129282206391,0.72145559617816,0,1,1497
1.41861277096367,1.41255420045173,0,1,1498
0.728129282206391,1.41255420045173,0,1,1499
0.728129282206391,-1.35184021664256,0,1,1500
-0.652837695308162,-0.660741612368985,1,0,1501
0.728129282206391,0.72145559617816,0,1,1502
1.41861277096367,0.72145559617816,0,1,1503
-1.34332118406544,-0.660741612368985,1,0,1504
0.728129282206391,0.72145559617816,1,0,1505
-1.34332118406544,-1.35184021664256,0,1,1506
-0.652837695308162,0.0303569919045874,1,0,1507
-0.652837695308162,-0.660741612368985,1,0,1508
-0.652837695308162,-0.660741612368985,1,0,1509
0.728129282206391,0.72145559617816,1,0,1510
0.728129282206391,-0.660741612368985,1,0,1511
0.728129282206391,0.72145559617816,1,0,1512
1.41861277096367,0.72145559617816,0,1,1513
1.41861277096367,0.72145559617816,1,0,1514
0.728129282206391,0.72145559617816,0,1,1515
0.728129282206391,-0.660741612368985,1,0,1516
1.41861277096367,2.10365280472531,0,1,1517
-1.34332118406544,-0.660741612368985,0,1,1518
0.728129282206391,0.72145559617816,1,0,1519
0.728129282206391,0.72145559617816,0,1,1520
0.728129282206391,0.72145559617816,0,1,1521
-0.652837695308162,0.72145559617816,0,1,1522
-1.34332118406544,0.72145559617816,0,1,1523
-0.652837695308162,-1.35184021664256,0,1,1524
-0.652837695308162,-0.660741612368985,0,1,1525
0.728129282206391,0.72145559617816,1,0,1526
-0.652837695308162,0.72145559617816,0,1,1527
0.728129282206391,0.72145559617816,0,1,1528
0.728129282206391,0.72145559617816,1,0,1529
0.0376457934491145,0.72145559617816,1,0,1530
1.41861277096367,0.72145559617816,0,1,1531
-0.652837695308162,-1.35184021664256,0,1,1532
-0.652837695308162,-1.35184021664256,0,1,1533
-0.652837695308162,-1.35184021664256,1,0,1534
0.728129282206391,0.72145559617816,1,0,1535
-0.652837695308162,-0.660741612368985,1,0,1536
0.0376457934491145,1.41255420045173,0,1,1537
0.728129282206391,0.72145559617816,0,1,1538
1.41861277096367,0.72145559617816,1,0,1539
0.0376457934491145,0.72145559617816,0,1,1540
0.728129282206391,0.72145559617816,1,0,1541
1.41861277096367,1.41255420045173,0,1,1542
0.728129282206391,0.72145559617816,1,0,1543
-0.652837695308162,-1.35184021664256,1,0,1544
0.728129282206391,0.72145559617816,1,0,1545
-0.652837695308162,-0.660741612368985,0,1,1546
0.728129282206391,-0.660741612368985,0,1,1547
-0.652837695308162,-1.35184021664256,0,1,1548
-0.652837695308162,-0.660741612368985,0,1,1549
-2.03380467282272,-0.660741612368985,0,1,1550
1.41861277096367,0.72145559617816,0,1,1551
-0.652837695308162,-1.35184021664256,0,1,1552
0.728129282206391,0.0303569919045874,1,0,1553
-0.652837695308162,-0.660741612368985,0,1,1554
0.728129282206391,-1.35184021664256,1,0,1555
0.728129282206391,0.72145559617816,1,0,1556
1.41861277096367,-0.660741612368985,0,1,1557
-0.652837695308162,0.72145559617816,0,1,1558
-1.34332118406544,-0.660741612368985,0,1,1559
-0.652837695308162,-0.660741612368985,0,1,1560
0.728129282206391,0.72145559617816,0,1,1561
1.41861277096367,1.41255420045173,1,0,1562
1.41861277096367,1.41255420045173,0,1,1563
-1.34332118406544,0.72145559617816,1,0,1564
0.728129282206391,0.72145559617816,1,0,1565
-1.34332118406544,0.72145559617816,1,0,1566
-0.652837695308162,-0.660741612368985,0,1,1567
-0.652837695308162,-1.35184021664256,1,0,1568
-0.652837695308162,-0.660741612368985,1,0,1569
-2.03380467282272,-1.35184021664256,1,0,1570
-0.652837695308162,-1.35184021664256,0,1,1571
0.728129282206391,0.72145559617816,0,1,1572
0.728129282206391,0.72145559617816,1,0,1573
0.728129282206391,0.72145559617816,0,1,1574
-0.652837695308162,0.72145559617816,1,0,1575
-0.652837695308162,-0.660741612368985,0,1,1576
-1.34332118406544,-1.35184021664256,1,0,1577
-0.652837695308162,0.72145559617816,0,1,1578
1.41861277096367,1.41255420045173,0,1,1579
-0.652837695308162,-0.660741612368985,1,0,1580
-0.652837695308162,-0.660741612368985,1,0,1581
-0.652837695308162,0.72145559617816,0,1,1582
-0.652837695308162,-1.35184021664256,0,1,1583
0.728129282206391,1.41255420045173,0,1,1584
-0.652837695308162,-0.660741612368985,1,0,1585
-0.652837695308162,0.72145559617816,1,0,1586
-1.34332118406544,-1.35184021664256,1,0,1587
0.728129282206391,1.41255420045173,1,0,1588
-0.652837695308162,0.72145559617816,0,1,1589
-0.652837695308162,-0.660741612368985,0,1,1590
-0.652837695308162,-0.660741612368985,1,0,1591
0.0376457934491145,-0.660741612368985,0,1,1592
0.728129282206391,-1.35184021664256,1,0,1593
-0.652837695308162,-2.04293882091613,0,1,1594
-0.652837695308162,0.72145559617816,0,1,1595
-0.652837695308162,-0.660741612368985,0,1,1596
-0.652837695308162,-0.660741612368985,0,1,1597
-1.34332118406544,-2.04293882091613,1,0,1598
0.728129282206391,-1.35184021664256,0,1,1599
0.728129282206391,-1.35184021664256,0,1,1600
1.41861277096367,1.41255420045173,1,0,1601
1.41861277096367,-0.660741612368985,0,1,1602
0.728129282206391,0.72145559617816,1,0,1603
-2.03380467282272,-2.04293882091613,1,0,1604
-0.652837695308162,-0.660741612368985,1,0,1605
0.728129282206391,0.72145559617816,0,1,1606
1.41861277096367,0.72145559617816,1,0,1607
-2.03380467282272,-0.660741612368985,0,1,1608
2.10909625972095,2.10365280472531,1,0,1609
1.41861277096367,0.72145559617816,0,1,1610
0.728129282206391,0.72145559617816,1,0,1611
1.41861277096367,1.41255420045173,1,0,1612
0.728129282206391,1.41255420045173,0,1,1613
-0.652837695308162,0.72145559617816,0,1,1614
0.728129282206391,-0.660741612368985,0,1,1615
-0.652837695308162,-1.35184021664256,1,0,1616
1.41861277096367,0.72145559617816,0,1,1617
0.728129282206391,-0.660741612368985,0,1,1618
0.728129282206391,-1.35184021664256,0,1,1619
0.728129282206391,0.72145559617816,0,1,1620
-0.652837695308162,0.72145559617816,0,1,1621
-0.652837695308162,0.72145559617816,0,1,1622
0.728129282206391,-0.660741612368985,0,1,1623
-0.652837695308162,-0.660741612368985,0,1,1624
0.728129282206391,0.72145559617816,1,0,1625
0.728129282206391,-0.660741612368985,0,1,1626
0.728129282206391,0.0303569919045874,1,0,1627
-1.34332118406544,-0.660741612368985,0,1,1628
-0.652837695308162,0.72145559617816,0,1,1629
-0.652837695308162,0.72145559617816,1,0,1630
-1.34332118406544,-2.04293882091613,0,1,1631
-0.652837695308162,-0.660741612368985,1,0,1632
0.728129282206391,1.41255420045173,0,1,1633
1.41861277096367,0.72145559617816,0,1,1634
-0.652837695308162,-1.35184021664256,0,1,1635
0.728129282206391,0.72145559617816,0,1,1636
0.728129282206391,0.0303569919045874,0,1,1637
0.728129282206391,0.72145559617816,1,0,1638
-0.652837695308162,-1.35184021664256,0,1,1639
0.728129282206391,0.72145559617816,0,1,1640
-0.652837695308162,-0.660741612368985,0,1,1641
1.41861277096367,0.72145559617816,0,1,1642
-0.652837695308162,-0.660741612368985,0,1,1643
-0.652837695308162,-0.660741612368985,0,1,1644
0.728129282206391,-0.660741612368985,1,0,1645
-2.03380467282272,-1.35184021664256,1,0,1646
-0.652837695308162,-0.660741612368985,1,0,1647
0.0376457934491145,0.72145559617816,1,0,1648
-1.34332118406544,-0.660741612368985,0,1,1649
-0.652837695308162,-1.35184021664256,0,1,1650
0.728129282206391,1.41255420045173,1,0,1651
0.728129282206391,0.72145559617816,1,0,1652
0.728129282206391,0.72145559617816,0,1,1653
0.728129282206391,0.72145559617816,0,1,1654
0.728129282206391,1.41255420045173,0,1,1655
1.41861277096367,1.41255420045173,0,1,1656
-0.652837695308162,-0.660741612368985,1,0,1657
1.41861277096367,0.72145559617816,1,0,1658
0.728129282206391,0.72145559617816,0,1,1659
0.728129282206391,-0.660741612368985,0,1,1660
0.728129282206391,1.41255420045173,0,1,1661
-0.652837695308162,1.41255420045173,1,0,1662
0.0376457934491145,0.0303569919045874,1,0,1663
-0.652837695308162,0.72145559617816,0,1,1664
0.728129282206391,-0.660741612368985,1,0,1665
0.0376457934491145,1.41255420045173,0,1,1666
-0.652837695308162,-0.660741612368985,1,0,1667
1.41861277096367,1.41255420045173,0,1,1668
0.728129282206391,0.72145559617816,1,0,1669
-0.652837695308162,0.72145559617816,0,1,1670
1.41861277096367,0.0303569919045874,0,1,1671
-0.652837695308162,-0.660741612368985,0,1,1672
1.41861277096367,0.72145559617816,0,1,1673
-0.652837695308162,-0.660741612368985,0,1,1674
0.728129282206391,-0.660741612368985,1,0,1675
0.728129282206391,0.72145559617816,1,0,1676
-0.652837695308162,0.72145559617816,0,1,1677
-0.652837695308162,0.72145559617816,0,1,1678
-1.34332118406544,-0.660741612368985,1,0,1679
0.728129282206391,0.72145559617816,1,0,1680
0.728129282206391,-0.660741612368985,0,1,1681
0.728129282206391,0.72145559617816,0,1,1682
1.41861277096367,-0.660741612368985,1,0,1683
0.728129282206391,-0.660741612368985,0,1,1684
0.728129282206391,0.72145559617816,1,0,1685
0.728129282206391,0.72145559617816,1,0,1686
-0.652837695308162,-0.660741612368985,0,1,1687
0.728129282206391,0.72145559617816,1,0,1688
-0.652837695308162,-0.660741612368985,0,1,1689
0.0376457934491145,-0.660741612368985,0,1,1690
-0.652837695308162,-0.660741612368985,1,0,1691
-1.34332118406544,-0.660741612368985,1,0,1692
0.728129282206391,0.72145559617816,1,0,1693
0.728129282206391,0.72145559617816,0,1,1694
-0.652837695308162,-0.660741612368985,1,0,1695
0.728129282206391,-0.660741612368985,0,1,1696
-0.652837695308162,-0.660741612368985,1,0,1697
-0.652837695308162,-1.35184021664256,0,1,1698
0.728129282206391,0.72145559617816,0,1,1699
-0.652837695308162,1.41255420045173,0,1,1700
-0.652837695308162,-0.660741612368985,0,1,1701
1.41861277096367,-0.660741612368985,0,1,1702
-0.652837695308162,-0.660741612368985,0,1,1703
0.728129282206391,-0.660741612368985,1,0,1704
0.0376457934491145,0.72145559617816,1,0,1705
0.0376457934491145,-0.660741612368985,1,0,1706
-0.652837695308162,-0.660741612368985,1,0,1707
1.41861277096367,-0.660741612368985,1,0,1708
0.728129282206391,0.72145559617816,0,1,1709
-0.652837695308162,0.72145559617816,1,0,1710
0.728129282206391,0.72145559617816,0,1,1711
-0.652837695308162,-1.35184021664256,1,0,1712
0.728129282206391,0.72145559617816,1,0,1713
-0.652837695308162,-0.660741612368985,0,1,1714
1.41861277096367,0.72145559617816,1,0,1715
-0.652837695308162,-0.660741612368985,1,0,1716
-1.34332118406544,-0.660741612368985,0,1,1717
1.41861277096367,1.41255420045173,1,0,1718
0.728129282206391,-0.660741612368985,0,1,1719
0.728129282206391,-0.660741612368985,0,1,1720
-0.652837695308162,-1.35184021664256,0,1,1721
-1.34332118406544,-3.42513602946328,0,1,1722
0.728129282206391,-0.660741612368985,0,1,1723
0.728129282206391,0.72145559617816,0,1,1724
0.0376457934491145,0.0303569919045874,1,0,1725
-0.652837695308162,-0.660741612368985,1,0,1726
-0.652837695308162,-0.660741612368985,0,1,1727
0.728129282206391,-0.660741612368985,0,1,1728
0.728129282206391,0.72145559617816,1,0,1729
-0.652837695308162,-0.660741612368985,1,0,1730
-0.652837695308162,-0.660741612368985,1,0,1731
-0.652837695308162,-1.35184021664256,1,0,1732
1.41861277096367,0.72145559617816,0,1,1733
0.728129282206391,0.72145559617816,0,1,1734
-1.34332118406544,-0.660741612368985,1,0,1735
-0.652837695308162,-0.660741612368985,1,0,1736
-1.34332118406544,-1.35184021664256,1,0,1737
-0.652837695308162,-0.660741612368985,1,0,1738
0.728129282206391,-1.35184021664256,1,0,1739
-0.652837695308162,-1.35184021664256,0,1,1740
0.728129282206391,0.72145559617816,0,1,1741
1.41861277096367,1.41255420045173,0,1,1742
-2.03380467282272,-0.660741612368985,0,1,1743
-0.652837695308162,-0.660741612368985,0,1,1744
0.728129282206391,0.72145559617816,1,0,1745
0.728129282206391,0.72145559617816,0,1,1746
0.728129282206391,0.72145559617816,1,0,1747
-0.652837695308162,-0.660741612368985,0,1,1748
0.728129282206391,-1.35184021664256,0,1,1749
1.41861277096367,1.41255420045173,0,1,1750
0.728129282206391,0.72145559617816,0,1,1751
1.41861277096367,1.41255420045173,0,1,1752
1.41861277096367,2.10365280472531,1,0,1753
-0.652837695308162,1.41255420045173,1,0,1754
0.728129282206391,0.72145559617816,0,1,1755
1.41861277096367,-0.660741612368985,0,1,1756
1.41861277096367,0.72145559617816,1,0,1757
0.728129282206391,0.72145559617816,1,0,1758
0.728129282206391,0.72145559617816,0,1,1759
2.10909625972095,1.41255420045173,1,0,1760
0.728129282206391,1.41255420045173,0,1,1761
0.728129282206391,0.72145559617816,0,1,1762
-0.652837695308162,-0.660741612368985,0,1,1763
-1.34332118406544,-0.660741612368985,0,1,1764
0.728129282206391,0.72145559617816,0,1,1765
0.728129282206391,-0.660741612368985,1,0,1766
0.728129282206391,0.72145559617816,0,1,1767
0.728129282206391,0.72145559617816,1,0,1768
-1.34332118406544,0.72145559617816,0,1,1769
1.41861277096367,1.41255420045173,1,0,1770
-0.652837695308162,0.72145559617816,0,1,1771
-1.34332118406544,-0.660741612368985,1,0,1772
1.41861277096367,0.72145559617816,0,1,1773
0.728129282206391,-0.660741612368985,0,1,1774
0.728129282206391,0.72145559617816,1,0,1775
0.728129282206391,0.72145559617816,1,0,1776
0.728129282206391,1.41255420045173,0,1,1777
0.728129282206391,0.72145559617816,1,0,1778
-0.652837695308162,0.0303569919045874,1,0,1779
-0.652837695308162,-1.35184021664256,0,1,1780
0.728129282206391,-0.660741612368985,0,1,1781
0.728129282206391,0.72145559617816,0,1,1782
0.728129282206391,0.72145559617816,1,0,1783
0.0376457934491145,-0.660741612368985,0,1,1784
0.728129282206391,1.41255420045173,0,1,1785
0.728129282206391,0.0303569919045874,1,0,1786
1.41861277096367,-0.660741612368985,1,0,1787
-0.652837695308162,-1.35184021664256,0,1,1788
0.728129282206391,0.72145559617816,1,0,1789
0.728129282206391,0.72145559617816,1,0,1790
0.728129282206391,0.72145559617816,0,1,1791
-0.652837695308162,-1.35184021664256,0,1,1792
0.728129282206391,0.72145559617816,0,1,1793
0.728129282206391,0.72145559617816,0,1,1794
-2.03380467282272,-2.04293882091613,0,1,1795
-2.03380467282272,-2.04293882091613,1,0,1796
0.728129282206391,1.41255420045173,0,1,1797
1.41861277096367,1.41255420045173,0,1,1798
-1.34332118406544,1.41255420045173,0,1,1799
0.728129282206391,0.72145559617816,1,0,1800
-0.652837695308162,0.72145559617816,0,1,1801
0.728129282206391,0.72145559617816,1,0,1802
-0.652837695308162,-1.35184021664256,1,0,1803
-0.652837695308162,-0.660741612368985,1,0,1804
0.728129282206391,0.72145559617816,1,0,1805
1.41861277096367,1.41255420045173,1,0,1806
1.41861277096367,-0.660741612368985,0,1,1807
-0.652837695308162,-0.660741612368985,1,0,1808
-0.652837695308162,-0.660741612368985,0,1,1809
1.41861277096367,1.41255420045173,0,1,1810
-0.652837695308162,-0.660741612368985,0,1,1811
0.728129282206391,0.72145559617816,1,0,1812
1.41861277096367,1.41255420045173,1,0,1813
-1.34332118406544,0.72145559617816,0,1,1814
0.728129282206391,0.72145559617816,0,1,1815
0.728129282206391,0.72145559617816,0,1,1816
-0.652837695308162,-0.660741612368985,0,1,1817
1.41861277096367,0.72145559617816,0,1,1818
0.0376457934491145,-0.660741612368985,0,1,1819
-0.652837695308162,-1.35184021664256,1,0,1820
-0.652837695308162,0.72145559617816,0,1,1821
0.728129282206391,-0.660741612368985,1,0,1822
1.41861277096367,1.41255420045173,0,1,1823
-2.03380467282272,-0.660741612368985,0,1,1824
0.728129282206391,0.72145559617816,1,0,1825
-0.652837695308162,-0.660741612368985,1,0,1826
-1.34332118406544,-1.35184021664256,0,1,1827
-0.652837695308162,-0.660741612368985,0,1,1828
0.728129282206391,1.41255420045173,1,0,1829
-0.652837695308162,-0.660741612368985,1,0,1830
0.728129282206391,-0.660741612368985,0,1,1831
0.728129282206391,0.72145559617816,0,1,1832
-0.652837695308162,-0.660741612368985,1,0,1833
0.728129282206391,0.72145559617816,1,0,1834
0.728129282206391,0.72145559617816,0,1,1835
0.728129282206391,-0.660741612368985,0,1,1836
0.728129282206391,0.0303569919045874,1,0,1837
-0.652837695308162,-1.35184021664256,0,1,1838
-0.652837695308162,-0.660741612368985,0,1,1839
-0.652837695308162,0.72145559617816,0,1,1840
0.728129282206391,-1.35184021664256,0,1,1841
-0.652837695308162,0.72145559617816,0,1,1842
-0.652837695308162,-0.660741612368985,0,1,1843
-1.34332118406544,-0.660741612368985,1,0,1844
-0.652837695308162,-0.660741612368985,0,1,1845
1.41861277096367,0.72145559617816,0,1,1846
-0.652837695308162,0.72145559617816,0,1,1847
-0.652837695308162,1.41255420045173,0,1,1848
-1.34332118406544,-0.660741612368985,0,1,1849
0.728129282206391,0.72145559617816,0,1,1850
-0.652837695308162,0.72145559617816,0,1,1851
0.728129282206391,0.72145559617816,0,1,1852
-0.652837695308162,-2.04293882091613,0,1,1853
1.41861277096367,0.0303569919045874,0,1,1854
-0.652837695308162,-1.35184021664256,0,1,1855
-3.41477165033727,-0.660741612368985,0,1,1856
1.41861277096367,2.10365280472531,0,1,1857
-0.652837695308162,0.0303569919045874,1,0,1858
-0.652837695308162,-0.660741612368985,1,0,1859
0.728129282206391,0.72145559617816,1,0,1860
-0.652837695308162,-0.660741612368985,1,0,1861
2.10909625972095,1.41255420045173,1,0,1862
-0.652837695308162,0.72145559617816,0,1,1863
1.41861277096367,0.72145559617816,1,0,1864
0.728129282206391,-0.660741612368985,0,1,1865
0.728129282206391,-1.35184021664256,0,1,1866
0.728129282206391,1.41255420045173,0,1,1867
1.41861277096367,1.41255420045173,1,0,1868
0.728129282206391,0.72145559617816,0,1,1869
-0.652837695308162,-0.660741612368985,0,1,1870
-0.652837695308162,-0.660741612368985,1,0,1871
-0.652837695308162,-0.660741612368985,1,0,1872
1.41861277096367,0.72145559617816,0,1,1873
-0.652837695308162,-0.660741612368985,0,1,1874
-0.652837695308162,-1.35184021664256,1,0,1875
0.728129282206391,1.41255420045173,0,1,1876
-1.34332118406544,-0.660741612368985,0,1,1877
0.728129282206391,0.72145559617816,0,1,1878
0.728129282206391,-0.660741612368985,0,1,1879
0.728129282206391,0.72145559617816,1,0,1880
-0.652837695308162,-0.660741612368985,0,1,1881
-0.652837695308162,-0.660741612368985,1,0,1882
-0.652837695308162,-1.35184021664256,0,1,1883
-0.652837695308162,0.72145559617816,0,1,1884
0.728129282206391,0.72145559617816,0,1,1885
-0.652837695308162,0.72145559617816,0,1,1886
0.728129282206391,0.72145559617816,0,1,1887
-2.03380467282272,0.72145559617816,1,0,1888
0.728129282206391,1.41255420045173,0,1,1889
-0.652837695308162,0.72145559617816,0,1,1890
0.728129282206391,-1.35184021664256,0,1,1891
-1.34332118406544,-1.35184021664256,0,1,1892
0.728129282206391,0.72145559617816,1,0,1893
-0.652837695308162,0.72145559617816,0,1,1894
0.728129282206391,-0.660741612368985,0,1,1895
-0.652837695308162,1.41255420045173,0,1,1896
0.728129282206391,0.72145559617816,0,1,1897
-1.34332118406544,-0.660741612368985,0,1,1898
1.41861277096367,1.41255420045173,0,1,1899
0.728129282206391,-0.660741612368985,1,0,1900
-0.652837695308162,-0.660741612368985,0,1,1901
0.728129282206391,-1.35184021664256,0,1,1902
0.728129282206391,0.72145559617816,1,0,1903
-0.652837695308162,-1.35184021664256,1,0,1904
-0.652837695308162,-0.660741612368985,0,1,1905
-1.34332118406544,-0.660741612368985,0,1,1906
-0.652837695308162,0.0303569919045874,0,1,1907
-0.652837695308162,0.72145559617816,0,1,1908
1.41861277096367,1.41255420045173,1,0,1909
-0.652837695308162,0.72145559617816,0,1,1910
-0.652837695308162,-0.660741612368985,1,0,1911
0.728129282206391,0.72145559617816,0,1,1912
1.41861277096367,1.41255420045173,1,0,1913
0.728129282206391,-0.660741612368985,1,0,1914
-0.652837695308162,0.72145559617816,1,0,1915
1.41861277096367,-0.660741612368985,0,1,1916
1.41861277096367,1.41255420045173,0,1,1917
-0.652837695308162,-0.660741612368985,0,1,1918
-0.652837695308162,0.72145559617816,0,1,1919
0.728129282206391,0.72145559617816,0,1,1920
0.0376457934491145,-1.35184021664256,0,1,1921
0.728129282206391,0.72145559617816,0,1,1922
-1.34332118406544,-1.35184021664256,0,1,1923
-0.652837695308162,-2.04293882091613,0,1,1924
-0.652837695308162,-1.35184021664256,1,0,1925
0.728129282206391,0.72145559617816,1,0,1926
-0.652837695308162,-0.660741612368985,1,0,1927
1.41861277096367,0.72145559617816,0,1,1928
0.728129282206391,0.72145559617816,0,1,1929
0.728129282206391,0.72145559617816,0,1,1930
0.728129282206391,0.72145559617816,1,0,1931
1.41861277096367,-0.660741612368985,0,1,1932
0.728129282206391,1.41255420045173,1,0,1933
1.41861277096367,0.72145559617816,0,1,1934
0.728129282206391,1.41255420045173,0,1,1935
-0.652837695308162,0.72145559617816,0,1,1936
0.728129282206391,-0.660741612368985,1,0,1937
-0.652837695308162,-0.660741612368985,0,1,1938
-1.34332118406544,-1.35184021664256,0,1,1939
-1.34332118406544,-1.35184021664256,1,0,1940
1.41861277096367,1.41255420045173,0,1,1941
0.728129282206391,0.72145559617816,0,1,1942
0.728129282206391,0.72145559617816,1,0,1943
-0.652837695308162,0.72145559617816,0,1,1944
-3.41477165033727,-3.42513602946328,1,0,1945
-0.652837695308162,0.72145559617816,0,1,1946
0.728129282206391,0.72145559617816,0,1,1947
-0.652837695308162,-0.660741612368985,1,0,1948
1.41861277096367,0.72145559617816,0,1,1949
-0.652837695308162,-0.660741612368985,0,1,1950
0.728129282206391,1.41255420045173,0,1,1951
-0.652837695308162,-1.35184021664256,0,1,1952
-1.34332118406544,-0.660741612368985,0,1,1953
-0.652837695308162,-0.660741612368985,1,0,1954
-1.34332118406544,-1.35184021664256,0,1,1955
0.728129282206391,-0.660741612368985,0,1,1956
0.728129282206391,0.72145559617816,1,0,1957
-0.652837695308162,-0.660741612368985,0,1,1958
0.728129282206391,-1.35184021664256,0,1,1959
-0.652837695308162,0.72145559617816,1,0,1960
0.728129282206391,0.0303569919045874,1,0,1961
-0.652837695308162,-0.660741612368985,1,0,1962
-1.34332118406544,-1.35184021664256,1,0,1963
0.728129282206391,0.72145559617816,0,1,1964
0.728129282206391,1.41255420045173,1,0,1965
0.728129282206391,0.72145559617816,0,1,1966
-0.652837695308162,0.72145559617816,0,1,1967
0.728129282206391,0.72145559617816,1,0,1968
0.728129282206391,0.72145559617816,0,1,1969
-1.34332118406544,0.72145559617816,0,1,1970
-0.652837695308162,-0.660741612368985,1,0,1971
0.728129282206391,0.72145559617816,1,0,1972
1.41861277096367,0.72145559617816,1,0,1973
-0.652837695308162,-0.660741612368985,0,1,1974
1.41861277096367,1.41255420045173,1,0,1975
-0.652837695308162,0.72145559617816,0,1,1976
0.0376457934491145,0.72145559617816,1,0,1977
0.0376457934491145,0.0303569919045874,1,0,1978
-1.34332118406544,-0.660741612368985,0,1,1979
0.728129282206391,0.72145559617816,1,0,1980
0.728129282206391,0.72145559617816,1,0,1981
-0.652837695308162,0.72145559617816,0,1,1982
-0.652837695308162,0.72145559617816,0,1,1983
-0.652837695308162,-0.660741612368985,1,0,1984
-0.652837695308162,-0.660741612368985,1,0,1985
0.728129282206391,0.72145559617816,0,1,1986
-0.652837695308162,-0.660741612368985,1,0,1987
-2.03380467282272,-0.660741612368985,1,0,1988
1.41861277096367,0.72145559617816,0,1,1989
-1.34332118406544,-0.660741612368985,0,1,1990
0.728129282206391,0.72145559617816,1,0,1991
-0.652837695308162,0.72145559617816,0,1,1992
0.728129282206391,0.72145559617816,0,1,1993
0.0376457934491145,-0.660741612368985,0,1,1994
-0.652837695308162,-1.35184021664256,0,1,1995
-0.652837695308162,-0.660741612368985,1,0,1996
1.41861277096367,0.72145559617816,0,1,1997
-0.652837695308162,-0.660741612368985,0,1,1998
0.728129282206391,0.72145559617816,1,0,1999
1.41861277096367,1.41255420045173,1,0,2000
